filename,text
1.jpg,"Image 1 Released in November 2020, Mr Pepper is a survival game by Rejects Games, a Polish company. Mr Pepper is set in a world in which the threat of nuclear war looms while an authoritarian regime wields control. “Obey, stay in your lane, and love the President – otherwise, the secretive and all-powerful Agency will take interest in you”. Perversely the games solution to this predicament is not to counter this authoritarian political shift, but to retreat inside the home; Dr Pepper the main character builds a bunker to wait out the political reality and possible environmental disaster. Poland the location of the games company has itself recently experienced a slide into right wing populism, in which a government has enacted anti abortion laws, LGBTQ free zones and a series of policies that reenforce “Catholic” and conservative ideology. Between the ages of three and twelve I was intermittently taken to Catholic church and Sunday school by my parents' friends, who I would phrase later as ‘wanting to save my soul’ by giving me the religious upbringing that my parents were unwilling or too lazy to facilitate. I am holding onto my blue transformer under the pews, later i am led to the priest who marks my forehead with a cross, I am told this mark will be with me until the day I die and be visible on my entrance to the gate of heaven, like a stamp in a club or some of pass. My mother once became noticeably angry with me when I cooked fish in a way that differed from her recipe I had grown up with, as if the difference was a betrayal of the way things should be. She later apologised to me."
2.jpg,"First found on 20th September, 2015 on tj-fusheng.com, the link is currently dead. The image also reappears on Wednesday the 23rd March, 2016 on wisatakuliner.xyz advertising architectural plans for Coastal Houses. The website offers advice to those wanting to build their own homes, with details on successful layouts. As a child I would get angry and frustrated that towns and cities had not been built well, that houses were ugly, things were in disarray, that buildings were made out of cheap materials. I was attracted to grand buildings and orderly environments and high quality materials. Our house and my grandparents house was chaotic, perpetually in a state of incompletion, as various DIY jobs were started but never finished. My mother painted the house in bright colours. I painted my room mushroom and arranged my possessions as if in a museum, a neat and orderly display. Over breakfast a programmer is telling me the world we live in is built by people who privilege the left logical side of the brain, but that other times in history it has been the right, more creative side that has dominated. I am able to identify both impulses in myself, aware that stressing either one can feel damaging. https://www.theispot.com/challiday"
3.jpg,"This image was first used on the 19th June, 2013, it’s low resolution suggests an earlier origin. Several later uses of the image are connected to Thanksgiving, a popular America celebration marking the survival of a group of pilgrims in 1621 who were aided by the local native american population during a hard winter. For many Native American’s Thanksgiving is considered an unpleasant reminder of the genocide and suffering of their peoples. In protest The National Day of Mourning was established in 1970 to honor Native ancestors and the ongoing struggle of Native peoples to this day. The Conquest of the Desert was a name given to an Argentine military campaign in 1870 that killed and enslaved the indigenious people to make way for Spanish and Italian settlers. To settle a soft word, that can hide very real violence, to settle down is to calm after a moment of heightened emotional or physical activity,. The stories my father tells me about Argentina are often violent although they are often told in a way that is fun and anecdotal. A prank in which a motorist is downed, dogs that kill a monkey, sleeping in barracks with a metal bar under his pillow. At the mention of visiting Argentina comes an automated response, we are warned that we might be kidnapped (some cousins I admit have been) or killed if we go back. On further research I discover the Argentine murder rate is comparable with the United States per, 100,000, ive decided to go in December. https://www.mtairynews.com/features/46892/whip-it-whip-it-good First featured on The Mount Airy News as part of an article titled Whip it, Whip it Good on the 21st December, 2016 by Bill Colvard. The article chronicles the fear of a whipped cream shortage after an accident in which gas tankers of nitrous oxide exploded in Florida killing one worker, whose body was found 50-70 feet from the site of the explosion. Nitrous is used for a number of applications including as a recreational high and as an anesthetic in dentistry. Cocaine is a bad friend I enjoy seeing occasionally. My grandfather would describe being given cocaine at the dentist when he was a child in Eastend in the 1930s. I have used cocaine on and off over the years, first snorting it at university but then later, at times taking it on a semi regular basis. Now I take bumps not lines, I would prefer to do none. I am sickened by the repetition, an ever smaller moment folding in on itself until finally there is nothing left. Unlike Mushrooms who are a good friend who has your best interests at heart. I try to do them every so often, I trust what they have to say to me, however hard it can be to stomach at the time. Or"
4.jpg,"First found on Getty Images on the 15th March, 2010 titled Woman using hand cream to rehydrate skin and prevent signs of ageing. The description reads ‘Woman using hand cream to rehydrate her skin (moisturiser) or prevent signs of ageing (anti-wrinkle).’ In 2020, the global anti-aging market was estimated to be worth in the region of 58.5 billion U.S. dollars. The anti-aging movement is a social movement devoted to eliminating or reversing aging, or reducing its effects. Primarily focus is on life extension although there is also an interest in aesthetic treatments designed to hide the superficial effects of aging. I am 38 at the point of writing this, to all effect 40, meaning it’s true I am middle aged. My body has changed in the last year, I have put on a little weight, all around the stomach area. If asked about my exercising I would say I wanted to improve my health, in truth it is of course more about maintaining the body I have gotten used to. In Catch 22 Yoserian the main character tries to bore himself so he might extend his life, a minute feels like an hour. After thinking about this I am convinced he is wrong, that this in fact shortens life. It is better to orchestrate as many events and experiences as possible so as to punctuate time with happenings. One job stretched out over many years is in effect one memory, the weekend in the shepherds hut another. Mental note, do more things."
5.jpg,"First found on the 26th March, 2008 and appears on several pages concerning the use of hair gel and hair loss. The articles suggests gel may contribute to hair loss if it is allowed to dehydrate the scalp. By 50 years of age 85% of men will be balding or experienced balding to some degree. Baldness is inherited through your genes and in 25% of cases is triggered by puberty when androgens (sex hormones) interact with your genes to minimiatureise the hair follicles. Hair will then fall out and be replaced by thinner non pigmented hair. Eventually these follicles too will go dormant. We are visiting some national trust property, there are peacocks in the garden, you can buy their feathers in the gift store. It is the male birds who are most ornately coloured, their plumes directly correlating to their ability to attract a mate. I am attracted to cultural movements where men get to perform more flamboyant roles like disco or glam rock. Every Thursday there was a chance to get in free if dressed appropriately Disco. I once met an actor playing Marc Bowlan from the glam rock band T-Rex in a crowded Soho club, he was covered in glitter, wearing high heeled shoes and spoke in a very performative voice about how he had a girlfriend and wasnt gay. In retrospect I think he thought I was coming on to him, when in fact I just wanted to meet Marc Bowlan."
6.jpg,"First found on the 2nd February, 2018 on a website best-cool.com in an article on hairstyles for weddings. The image later appears in an article titled 20 Collection of The Pixie-slash-mohawk Hairstyles by Celina Clausen. Clausen writes “Change is good, a fresh and new mohawk haircut can provide you with energy and confidence. The pixie-slash-mohawk hairstyles may convert your outlook and self-confidence in a time when you will need it the most.” Like many before me I have got a haircut at the end of a relationship, a desire to jump start an alternative timeline in which you are a slightly different person. When we met in LA she had long blond hair, over the course of a year the blond person was slowly cut away, she distinctly became a cute black bob. I once was pinned down by a group of people and had my head shaved as punishment during a role play I had orchestrated. After I became a skinhead, people got out of my way in the street and didn't make eye contact. It can feel empowering to be viewed as a threat, I was thankful when my hair grew back."
7.jpg,"This image can be found on Deviantart shot on the 30th November, 1999 by N-ixo titled Punk Boy. The image depicts a young punk boy with his mouth open chanting. The punk movement came to popularity in the mid to late 70s in the UK and United states and was characterised by a rejection of mainstream culture and prior counter cultural movements. I was into punk and ska more for the mosh pits than the music. Once a friend took waxing strips into the pit and put them on a boy’s eyebrows leaving him to rip them off. This had been done because the boy had been acting effeminately, what was termed amongst my friends as “gay”. In retrospect it feels like an act born out of my friend's fear of his own identity. Around this time I was attracted to an older boy who was in a band. If i thought about my attraction too much I would be struck by sickening anxiety that I might be gay and therefore rejected by my friends and family. Since then my experimentation with men have elicited little desire, I am unsure why and wonder if I have somehow conditioned myself to reject the possibility."
8.jpg,"Image of tartan print Dr Martens retailing between £50-£80. The Dr Marten company was founded in Germany in 1947 producing shoes primarily for women over 40. In 1959 the company was acquired by a British manufacturer who produced the famous 1490 design which became synonymous with the punk movement. In 2013 the company was acquired by a private equity company for 300 million and in 2021 it was floated on the London stock exchange for £3.7 Billion. I am sitting in our apartment in Montreal, looking around, I am surrounded by six friends each of whom are locked into a crypto trading platform. HLOD a misspelling of hold, as in ‘if i had held my crypto investments id be rich right now’. The people I know who made the most money were the ideological ones who believed in crypto's capacity to change the world for good. In reality crypto changed them, turning many into investors, their emotional state tied to the ups and downs of their holdings. I am attracted to sensation of gambling. There money becomes a proxy for emotional investment, I feel the suspense and results of a hand play out across my whole body, the gap between out there in here somehow collapsing."
9.jpg,"The Royal Stewart or Royal Stewart tartan is the best-known tartan associated with the British royal family. The Tartan was first published in 1831 in the book The Scottish Gael by James Logan and has subsequently become internationally famous, being used in a wide variety of applications, fashion and otherwise. (need to forge a better link to the personal here perhaps) I started masturbating to porn around the age of 14 or 15, It was the moment when porn was becoming freely available through the internet and before it became commercialised. Previous to that point access was restrained to the purchase, inheritance or theft of porn magazines. For my GCSE art class I made a miniature mattress out of pornographic magazines for my final piece. When buying them I noticed that one of the women was the art substitute teacher, a fact verified by the tattoo of a small sun on her midriff. I showed the magazine to my friend Simon and then kept the images secret. I only half believe this happened, in part it feels like a dream. Last night I dreamt of inserting two steel rods into my testicles to castrate myself, after I met Martin Scorsese."
10.jpg,"This image is taken from The Lumberjack Song which first appeared in the ninth episode of Monty Python's Flying Circus, on BBC1 on the 14th December 1969. The beginning of the song describes the life of a Canadian lumberjack who conforms to all the conventions of manliness as the song progresses his more feminine preferences are revealed not only to the viewer but also his wife and mounty backing choir who proceed to express concerns and then abandon him. It is best to be vigilant in school corridors, you cannot trust anyone especially your friends. In films I cry when friends sacrifice themselves for other friends, or show unwavering support for each other. In Toy Story 3 the toys find themselves in a furnace, slowly being pulled into its hot core. Knowing that an escape is impossible they hold each other's hands, choosing to comfort and be present with each other in their final moments. It can be hard to know how to express or ask for support. I enjoy the sensation of being held, although in my opinion it doesn't happen enough."
11.png,"First found on wesharepics.info the 27th May, 2016 on a image sharing website. This image is later featured in an article by Bonnie Stevens on her portfolio website titled The Lumber Games the article recounts a game organised between various forestry schools in which students are able to show off their strength, agility and speed. “Elsewhere in the forest, another young competitor, Casey Branning, was hoisting a heavy, double-bladed axe as far as he could over his head, using all his might to thrust the razor-sharp weapon at his target. These may sound like the life or death challenges in the popular movie, ""The Hunger Games,"" but forestry students have been competing this way for decades...” At 16 I worked for a tree surgeon friend. In one incident we didn't close off a road properly and a car hit the tree we had recently felled. On impact the oak was flung in the air and landed close to where I was standing. I am softly aware that if I had been standing a little to the left I would be dead. I am untouched. The car does not fair so well, one side of the body work has been ripped away. The old man drives back slowly, we make eye contact but do not speak to each other, he drives off. In the following week, the moment will repeat itself, each time it does i feel a rush. The earliest record of this image dates from 17th July, 2008 in an advert by FartashPhoto.com. The image depicts one young tree standing in a field of recently felled trees. The tree is an image of fertility, full and burdened with fruit, while a white dove sits directly at its peak. The image appears to be symbolic, depicting a moment of renewal after a period of destruction. I worry I make too much break up art, although I am undoubtedly affected by these moments. Fraser Crane once said it's not the end of a relationship you mourn but the future you were going to have with that person. The possibilities and expectations that made up your immediate future will no longer be accessible to you. You will not walk beside, or share ownership of or bear witness to their growth and eventual decline. It is instead up to you now to begin remapping your immediate future, this process can feel awkward and uncomfortable. I am sitting with it now, I must fight the desire to message, or call or think of her. Instead I must rely on friends, i admit I in part rely on compulsive activities to sooth, it is hard but even now i have a sense of an end, a moment where i won’t quite feel like this."
12.jpg,"This image depicts a resin egg by Ben’s Worx an etsy store based in Brisbane, Australia. The store sells handmade resin eggs, each of which contains a fantasy tableaux. The website is generous offering practical advice to those wanting to make their own as well a videos which capture the process. the instructions for whi Its main items are resin eggs with tableuxs made of wood, pigment and other objects embedded in them. Ben describes himself as someone who loves making, the website is generous in that it shows the process by which he makes his eggs as well as supplying links to the materials he uses so that you too might give it a go. It is obvious both from the videos documenting his process and the finished product that he is proficient with the materials he uses and has a love of achieving a high quality finish. Many of the works have a mystical theme, the image depicted shows a miniaturised fantasy landscape with a lush green tree at its core. I constructed my own fish tank out of glass and silicone. My main focus at the beginning was to aquascape a small garden. My design had a dead bonsai tree at its centre surrounded by short aquatic grass, that slowly grew over the coming months. Later I populated the tank with an array of brightly coloured tropical fish. Like watching a lava lamp, tropical fish are relaxing in a garish sort of way. On a trip back to the UK my friend informed me the pump had broken and the fish and the grass had sadly died and he was giving the setup away. The same friend had killed his own tropical fish when he discovered his parents were about to be divorced, reasoning that they could no longer afford to keep them. After some research he decided freezing was the most humane way to kill them. I oddly understand his reasoning."
13.jpg,"First found on the 7th November, 2014 this image titled Dragons Egg by Bulgarian artists kraft2727 the image depicts the moment a dragon breaks free from its egg. The image is now available on Adobe image stock library and has the tags egg, dragon, animal, young, cute, fantasy, green, imagination, fairy, cartoon, new and wing. The image holds a tension between something cute and possibly dangerous, leaving the viewer to ask the question what is being born and what should my appropriate response be, ultimately an unanswerable question without further knowledge of the animal being birthed. Waiting for the results of the blood test feels more intolerable than any reality I might have to face after. I read Lacan as part of a reading group in lockdown, he uses the example of a praying mantis to illustrate the workings of anxiety. It is an overly complicated and surreal scenario he paints, asking you to imagine yourself in a room with a 3 metre high Praying Mantis, you seem to be wearing a mask, but you are unsure if your mask is that of its prey, of a male praying mantis or something neutral. I am tied to the bed and blindfolded, in what might be classified as a BDSM experiment. I cant help but react badly to the situation, unable to sexualise the constraint or lack of control in this instance."
14.jpeg,"Titled Cartoon Little Dragon Hatching Vector Image by Teguh Mujiono an Indonesia based illustrator. This image is available on a variety of stock image websites. Related keywords include: baby dragon, egg fairy, tale, animal, art, cartoon, character, cheerful, clip cracked, creature, cute, dinosaur, drawing, fantasy, fun, funny, happy, hatch, hatched, hatching, imagination, isolated, little, medieval, monster, newborn, orange, reptile and small. The image depicts a young cartoon dragon happily leaving its egg, its proportions echo that of a puppy or human baby, large head to body ratio, enlarged eyes and small hands/claws. When I walk around with her puppy it is as if their ahhs, and ooo's are almost involuntary, as if their reactions are played out on a biological level that bipases the prefrontal cortex. The Finiliars were a project that I worked on around 2016. Financial avatars, cute kawaii characters, those mental and physical states tied to streams of data they embody, happy and dancing when doing well, sick, vomiting and possibly dying when it is doing badly. The idea was to create an emotional bond between the viewer and these large abstract financial structures that go unseen and often have a far reaching impact on our daily lives. To create a sense of empathy the designers I worked with based their proportions on that of a human baby. A finance guy visits the show and explains to me that when a currency they were trading began to bottom out they say it’s vomiting."
15.jpg,"First found on the 12th October, 2014 a Pterodactyl dinosaur sculpture by Design Toscano; retailing at $65.99. The statue is made of resin, hand cast and hand painted to give an accurate impression as to what a Pterodactyl might have looked like. The Pterodactyl were the first discovered flying dinosaur, found in Bavaria by Italian scientist Cosimo Alessandro Collini in 1784. A close relationship between birds and dinosaurs was first proposed in the nineteenth century after the discovery of the primitive bird Archaeopteryx in Germany. Birds and extinct non-avian dinosaurs share many unique skeletal traits. Moreover, fossils of more than thirty species of non-avian dinosaur with preserved feathers have been collected. Paleontologist Lawrence Witmer concluded in 2009 that this evidence is sufficient to demonstrate that avian evolution went through a four-winged stage. Birds and mammals have kidneys, lungs and hearts. Richard Dawkins Origin of the Species explains to me that a chain is formed back to a common origin, to one point in which life began. He explains that successful mutations create forks that eventually lead to a new species. The gap between a new and old species is defined the ability to reproduce with each other. There are in between states when a thing is not quite something else and yet not something distinctly new. I am becoming an adult, I am becoming an artist, I am becoming confident, I am becoming the thing you always thought I would be. And yet I am not quite there. Some endpoints can remain distinctively illusive."
16.jpg,"This image was first found on the 14th December, 2016 on https://sc.chinaz.com/ a Chinese image library. It depicts a green origami bird against a grey background. The art of Origami can be dated back to Japan in the Edo period (1603–1867), the first recorded instance was a short poem by Ihara Saikaku in 1680 which mentions a traditional butterfly design used during Shinto weddings. The ceremony relies heavily on Shinto themes of purification, and involves ceremonial sake drinking of three cups three times, the nan-nan-san-ku-do. Shinto weddings are in decline. Fewer Japanese people get married, and those who do often choose Western-style chapel ceremonies. I spent Christmas of 2008 in Hawaii just after Obama had won the Whitehouse, apparently he is a few miles up the beach visiting his mother. In the airport we saw several Japanese couples arriving to get married. Hawaii is a popular destination for young Japanese couples. Elivis played the character Chad in the film Blue Hawaii in 1961 in which he got married in an iconic ceremony that resembles the ones popular with young japanese couples. I presumed I would marry the girlfriend I was in Hawaii with, and proposed to her on another trip. Despite bringing a ring with me I left it in the room, when I asked it felt like I was out of breath. When she said no we continued as if nothing had happened walking back to the hotel room. Several years later we broke up. Appearing in June 2020 on reddit/NatureIsFuckingLit and depicts the green birdflower (Crotalaria cunninghamii), this plant is related to peas and beans. It can grow up to 9 feet tall and has fuzzy, gray-green leaves. It’s intriguing flowers are what have attracted legions of fans around the world. Each one is shaped like the body of a tiny hummingbird in flight. These flowers are clustered together on a central stem, attached by what look like beaks. The yellowish green petals are usually accented with dark purple veins, which help bees find the flowers’ nectar. The Crotalaria Cunninghamii relies on small birds to pollinate. I have said I wanted something but acted in a way that made sure it never happened. The stasis between action and inaction suspends the relationship in a grey zone in which I don't have to commit, a safe space in which intimacy can be performed but in which nothing is given away. We had agreed to break up before we got together. It was a deadline that got extended when she had problems with security and missed her flight back for Christmas. It would be extended several more times, each time I was thankful for the reprieve. Of course I am aware that indecision is a decision and that it's just a very bad one. It being a form or paralysis, a type of locked in syndrome in which life happens around you and not to you. As age inevitably does its work."
17.jpg,"This image is by Marina Morán who is both an illustrator and tattoo designer working in Calgary, Alberta, Canada although she herself comes from Mexico. The design is a typical traditional Mexican Tenango embroidery design; a style of embroidery with its historic roots in the Otomi tribe. The style was popularised in the 1960s in Mexico after the xx province used it as an alternative income after agricultural collapse. The embroidery is made of flat pieces of fabric sewn to cloth, often depicting animals, birds and humans and in symmetrical patterns. I am beginning to learn Spanish again, it feels different this time. Something has clicked in my mind and I am beginning to form sentences for the first time. It happened with a click, I had not articulated any intentions to go prior, in the morning it was not a conscious thought yet by afternoon I had bought tickets to Argentina as if in a trance. The sensation felt like being guided by some external force. My body is light, I click through each page quickly until the payment has been processed. I suspect there is meaning in these actions although I am unsure what it might be. I have heard the stomach is a second brain, I am sure not all thought occurs on the same level. Advertising is the hope to penetrate your subconsciousness on the level of desire, seeding an idea that will later manifest in an action or sale. In making these associative statements I am aware that some words, images and motifs once present want to desperately repeat themselves. Illustration of an ornamental sugar skull by Freepik first found on the 24th September, 2015 on the stock image website freepik.com. In Mexico calavera are created with cane sugar and are decorated with items such as colored foil, icing, beads, and feathers. The sugar skulls are used as a part of the Mexican celebration of the Day of the Dead. The tradition is for families to decorate their loved ones' offerings with both large and small handmade sugar skulls. Children who have died, represented by small sugar skulls, are celebrated on the 1st November. The larger sugar skulls represent the adults, whose celebration takes place on the 2nd November. It is believed that the departed return home to enjoy the offering on the altar. In her house was a shrine to the dead members of her family. Her father and several grandparents. The shrine had a small budhist bell that her mum showed me how to use. It is hard for me to remember my dead family or friends. Their faces appear in soft focus, I can sense the distorting influence of photographs. Many of the impressions I worry are ill judged presumptions that I made without knowing all sides of them. I find it hard to pickout a single event, my memory reverting to general impressions only. And if honest it is not just the dead that fall victim to this out of focus generalisation. A period of time is enough to begin the distorting process. When she returns from that work trip it is a stranger who first walks through the door, there will take a moment for the idea and the person sync, this process requires a reintroduction followed by sex. It can be jarring, we both agree to try to keep our separations to a minimum although both of us also know this is probably not possible."
18.jpg,"Model of The Terminator from the The Terminator a science fiction film released in 1984 directed by James Cameron. It stars Arnold Schwarzenegger as the Terminator, a cyborg assassin sent back in time from 2029 to 1984 to kill Sarah Connor, whose son will one day save mankind from extinction by a hostile artificial intelligence in a post-apocalyptic future. The film functions under the paradox as if the terminator was successful in its mission to change time, then the sequence of events that occurred leading them to interfere with time would no longer have happened, seemingly making inference with time impossible. Happy endings in fairy tales are just happy moments stretched out for an eternity, as in ‘they lived happily ever after’. At times I think about moments in time I would like to go back and do things differently, although there is no guarantee these alternative paths would end up any better. I can easily imagine a scenario where you might be forced to grieve a future you are unable to get back to. I am reading that a synaptic pathway becomes stronger with repetition, the tributaries created by the first drops of rain establish a route of least resistance subsequent rain. I have noticed that at times I’ve attempted to repeat the past in the present, sniffing out and following a path that feels familiar. Perhaps an attempt to make good on past mistakes or perhaps familiarity alone is enough. In either case it can feel like a trap."
19.jpg,"First found on the 18th November, 2013 in news.discovery.com in an article about a robot stand up comedian, although the link is no longer active. When searching for ‘robot standup comedian’ the top result is Mr Zed, The Robotic Comic, a comedian from the early 90s who did various television appearances on British, Italian and American TV. Performed by David Kirk Traylor, Mr Zed has repeated much the same routine for the last thirty years. In 90s he included a section on robotic safe sex using a ‘computer virus’ as a metaphor for HIV, he complains about the need to ‘use an adaptor’. I often cannot get it up the first time i have sex with someone or the two times i have had the possibility to participate in a threesome. We follow a man and a woman as they unwittingly transmit the virus to their partners, of course one of them is a heroin user, we are told about the transmission through syringes. We are watching a video in sex ed on the dangers of HIV. The message is clear, sex kills. My second cousin is positive, they have been since the mid 90s. I was nervous, now I am scared of sex. First damnation in the religious sense then HIV, the 60s seem like a very long way off. Sometimes I wonder if I have internalized this fear, making it an aspect of my nature. As in if i had not been conditioned in this way i would perhaps be more open, more free to the myraid of possible sexual encounters. Photo of retired army sgt. Glen Lehman, who lost his right arm while on patrol in Baghdad, he uses a new prosthetic arm developed at The Center for Bionic Medicine. The arm was designed to be lighter in weight than most other powered prostheses. Elon Musk bought Neuralink Corporation, a company aiming to make prosthetics that can be controlled using brainwaves. Musk explained that the long-term goal of the company is to achieve ""symbiosis with artificial intelligence"" so the biological can interface with the digital. Musk also perceives a.i as an existential threat to humanity and the capacity to interface with them as essential to humanity's survival. Bio hacking is a systems approach to your body in which inputs can be controlled to affect outcomes. My friend is Bulletproof. I want to be Bulletproof. Bulletproof is a diet designed to push your body into ketosis. Ketosis improves brain function and regulates body mass. Every morning we drink their signature coffee with butter from cows fed on grass, not grain. We go to the Bulletproof official cafe in Venice Beach. Despite its clean tech aesthetic it is hard to escape the smell of fat as they cook bones to make broth. Things and people are covered in a thin layer of this fat. My grandmother cooks bones and tripe for the dogs, it is cheaper than regular dog food. After lunch I can feel a layer of fat forming on my face, a thin layer of oil that gives my skin a sheen, I say to my friend I think I'd like to go."
20.png,"First found on 24th March, 2020, titled Attractive nun praying with closed eyes and hands together isolated on white by Lightfield Studios. Tags for the image include beautiful girl, young adult, beauty, caucasian, european, calm, woman, praying and attractive amongst others. The average age of all nuns is 74. “There are more Catholic sisters in the United States over age ninety than under age sixty,” Today, one of the main responsibilities of nuns is taking care of elderly and the often infirm sisters in convents. The number of nuns have continued to decline of the years, in 2000 there were 80,000, in 2014 there were 50,000. I was baptised at the age of four with my little sister. The vicar making a cross with his thumb on my forehead with ointment (this cross will last forever and protect me against evil). A family story includes the ‘the time the nun from play group chased me around the house wearing a devils mask’. In the playgroup I am convinced to steal toys by a friend. He even makes a bag which he writes the word swag on to keep the toys. He is later found out by his parents. It is as if he has identified with a cartoon version of a criminal. His father uses a leather belt. We smoke a stolen cigarette aged nine, he is the eldest of five, he gets into trouble at school, he is getting drunk in town, he is arrested for possession, he is classified as troubled in casual conversation. Later the death of his mother changes all of this. A press photo from the TV film Terminator: The Sarah Connor Chronicles which aired in 2008. The image is of actor Summer Glau and is credited to Bartleby Company/c-2 Pictures/Warner Bros. The show ran for one and a half years and 43 episodes were shot over two seasons. Summer Glau has worked fairly consistently since 2002 primarily working in television, although in recent years her roles are becoming more irregular. The average male actor is 30.5 years old when their first film is released, compared to 25.9 years old for women. Hibernation is to spend a long period of time in a dormant state. In the last year I have stopped travelling, i do not want the residency, i do not want to travel, i do not even want to go out. I repeat the line to myself “I want to build a nest”. I build out my room in the warehouse, making it as comfortable as possible. I would describe the aesthetic as Blade Runner Art Deco. As soon as the room is finished I proceed to become sick with what I think might be covid, I spend three weeks in bed, then three months on low energy. I feel like I am constantly walking through water, I am oddly thankful for this slower pace. They have these suits I want to use designed to simulate old age, each one weighs down the body to slow it down, some have restraints to curve the spine or harden a leg."
21.jpg,"This image is a press photo of Sean Connery as James Bond for the film From Russia with Love released in 1963. In this film James Bond willingly falls into an assassination plot involving a naive Russian beauty in order to retrieve a Soviet encryption device that was stolen by S.P.E.C.T.R.E. a mysterious organisation not tied to any nation state. President John F. Kennedy named Fleming's novel From Russia, with Love among his ten favourite books of all time in Life magazine. It was the last film President Kennedy saw at the White House on the 20th November 1963 before going to Dallas. Presidents attempt to shape the direction a country moves in, by any means possible. I am prone to fantasies. A friend and I came up with a game called society in which you conceive and build out alternative societies by making a series of statements one after the other. It is a society grounded in desire, it is a vertical society, it is a society whose most prized attribute is unflinching honesty. Aspects to biology, physipymy, culture and economics can be slowly mapped out in a conversational back and forth. An improvisation dynamic is one in which both parties support the propositions and actions of the other, forming a consensus as they go. I wonder if A sexual people have partners for emotional and physical support, who are their at the end of the day, are there to talk through it through and then to simply hold each other."
22.jpg,"First found in April 2012 at nickveasey.com this image is by Nick Ceasey. As you enter the website a text reads “""We all know we shouldn’t judge a book by its cover, that beauty is more than skin deep. By revealing the inside, the quintessential element of my art speculates upon what the manufactured and natural world really consists of."" Ceaseys work consists of rendering x-ray visualisations of famous people, objects and dramatic scenarios. In them he attempts to reveal the skeletal structures that sit just below the surface, perhaps making a comment about mortality. Sean Connery himself featured in this image passed away from a heart attack on the 31st October 2020. My parents are noticeably older in the last five years, like me they seemed to have slipped into another age category. My father said that he has more life behind him than in front, this has been true for quite some time, it may be true of me now. David Hockey said Blondes have more fun. My mother’s hair went grey nearly overnight when she was around 40 after my aunt was killed in a hit and run on her way back from the pub. She would dye it for many years, dark brown at first replicating her natural hair colour and then later blond. I have a slowly growing number of grey hairs, I considered trying a peroxide look but have decided against it."
23.jpg,"First found on the 9th of November 2004 in an article on the Conpass machine that utilises low dose x-ray to detect drugs smuggled in the body at Heathrow Airport. Border staff use a range of methods and specialist equipment to detect drugs being smuggled into Britain. Sniffer dogs are trained to identify certain drugs and cash while x-ray machines can reveal unusual luggage or parcels. A low-dose radiation body-scanner can be used to detect whether mules have swallowed or stashed packets of drugs. Officials also act on tip-offs from members of the public, criminal informants and other law enforcement agencies around the world. Am I following the rules correctly? I begin to behave at first mechanically and then overly friendly. Am I travelling with something illicit? I nearly walked through security with a fake bomb made of wire, plastic bags, cooking dough and tape that I had used the day before in a film. Luckily the flight was delayed and I had enough time to realise my mistake and throw away the device. A colourful shirt, white enough skin and sense of belonging. Over the years I have realised the way I look and speak can at times act as a form of invisibility to authority. I have to admit I still shoplift from time to time, if you walk in with confidence often they will not question your credentials. Rules I tell myself are there to be acknowledged, but also broken. I worry I little, we are talking about the what if, what if i haven't internalised the symbolic authority of the father, what if i am a little disconnected from the reality of things."
24.jpg,"First found on 4th September, 2010 on a blog by Ralph Henry who describes himself as an artist, educator, militant anti-theist and writer. In his blog there are a series of images in which Jesus Christ has been superimposed on various photos; such as Christ selling beers at a stadium and Christ at the front of the Titanic being held by Leonardo DeCarpio. This irreverent use of Christ's image chimes with Ralph Henry's image of himself as someone who is anti-theist. In his biography he also mentions that he gambles, likes beer and loves his wife; his favorite film is Groundhog day, his favourite music is listed as Shall We Gather at the River, an ironic choice due its religious nature. What might be surmised is that despite his anti religious stance Ralph Henry seems preoccupied with religion, raising the question what is it about religion that offends him and what were his personal experiences to lead him to that position. I am in a conversation with myself in the shower, I begin to puppet the voice of someone I know, someone I believe not just to be critical of me, but against me. These conversations can be exhausting, long and the definition of frustrating as neither side is seemingly willing to relent. The dynamic is one of proposition, attack and justify in a circular looping motion until both sides harden, tired of the bs. It has taken me a while to realise that these critical voices are of course my own voice, and that this interaction is perhaps just a way that I might both vocalise doubt and reinforce my convictions. Please let me explain myself. I am explaining to my mum what happened and though guilty can’t help feel a sense of injustice. It is odd to think that I might well be someone else’s internal puppet, a tool for playing out their own anxieties. If i am please let me know, i’m pretty sure I don't think what you think i think."
25.jpg,"The origins of this image are unknown although it has been on the internet at least since 2008. In this image we see a man duct taped to the wall, his arms are outstretched and he is wearing a jubilant smile. Although its origins are unknown, taping someone to a wall has become a classic prank associated with the American college experience. The prank itself is a testament to the strength of duct tape that is able to support the weight of a human being. The U.S. Department of Homeland Security on the 10th February, 2003 advised that Americans should prepare for a biological, chemical, or radiological terrorist attack by assembling a ""disaster supply kit"", including duct tape and plastic (presumably to attempt to seal one's home against nuclear, chemical, and biological contaminants), among other items Controlled chaos. I am drenched with sweat, alcohol and shaving foam by the end, exhausted but relieved. Everyone is given characters, a jock, a sorority girl, the maths geek, they are purposely flat, archetypes so known they come instantly to participants. Hundreds of actions and sequences play themselves out during the night each taken from film, tv, memes and the real. It is the first time I have done anything like this. It is messy evening, fuelled by a strange libidinal chaotic energy that I find it hard not to get caught up in. I am attracted towards this energy, moments that feel safe enough to lose control. I am asserting control so I can experience a lack of it. I am sure there must be a more direct route to that feeling although I have not found it. https://www.instructables.com/Scary-Santa/ woofboy111 in LivingHalloween"
26.jpg,"First found on 9th April, 2011 on www.instructables.com/member/woofboy111/ that outlines how to make this Scary Santa using paper mache, duct tape and PVC piping. Woofboy111 points out that Scary Santa can be used as decoration for both Halloween and Christmas. Scary Santa taps into a derelict aesthetic that is both jarring and pleasing at the same time, somehow both familiar and alien. Woofboy111 also has instructions on how to make Grim Reaper Animatronic, a witch, pumpkin scarecrow, a classic paper airplane, a hands free bicycle tripod, thai inspired peanut pasta, a demon head and scallion pancakes. Woodwork, fibreglass, basic plumbing and welding. I can fix a leak or build a wall, not well but the job will get done. My grandfather is someone to mimic, as a child I would watch him laying bricks, working on the house, lifting hay. His clothes are comfortably marked by his activities. When I get older I am allowed to help him. Despite his age I have a sense of his strength and capacity. The house is a never ending building site, a job never quite finished, full of the possibility of something unfinished. I can live with a leak for months on end. I am at ease in mess, I am attracted to rough and improvised ways of making things. Making do and getting by is an aesthetic in itself, YouTube tutorials offer near limitless possibilities to an amateur. I am attracted to art works that feel homemade, as if it were somehow more honest."
27.jpg,"First found on 8th December, 2010 titled Santa Claus delivering gifts on Christmas morning as part of a stock image library. Santa Claus, also known as Father Christmas, Saint Nicholas, Saint Nick, Kris Kringle, or simply Santa, is a legendary character originating in Western Christian culture who is said to bring gifts on Christmas Eve of toys and candy to well-behaved children, and either coal or nothing to naughty children. He is said to accomplish this with the aid of many elves, who make and package the toys in his workshop at the North Pole. He is said to distribute all gifts over the course of one evening flying a reindeer who is able to pull a sleigh through the air. Are you a live to work or a work to live kind of person. Fully Automated Luxury Communism; a post-scarcity economy of widespread prosperity facilitated by machines. I’m in a pub and someone is telling me to buy from Amazon so we might bring this future ahead. It follows after the successful redistribution of wealth there will be a spate of suicide as people lose their jobs, and are forced to find meaning in ways other than work. After many years pass a vast Etsy economy rises up, sitting on the surface of this machinic economy, in which people say who they are by what they make. It can be stressful to feel the need to make all the time. If you do what you love you will never work a day in your life. A Joseph Beuys quote about everyone being an artist, freedom beings, called on to transform and restructure life. https://en.wikipedia.org/wiki/Bad_Santa"
28.jpg,"A still from the film Bad Santa an American Christmas comedy released in 2003 starring Billy Bob Thornton directed by Terry Zwigoff. It received positive reviews and was a commercial success. The plot follows a depressive down and out conman and his partner who pose as Santa and his Little Helper each year to rob department stores on Christmas Eve. We follow them as our conman befriends a troubled child whilst taking advantage of his near empty house. In this story both the child and the conman are able to help each other as each finds the loyalty and support in each other they had previously been unable to find in other relationships. The biological definition of placidity is the adaptability of an organism to shape itself according to its environment. I am attracted to the character of the conman, someone able to game the system by various means. For the professional conman the hard rules of reality are more flexible than they first appear. LARP is premised on the idea that the protocol that makes up our environment is essentially arbitrary, and that through the consent of players these rules might be experimented with and possibly changed. The famous conman Victor Lustig used his charm play on peoples greed selling the Eiffel Tower twice to Parisian business men. The rule of law eventually caught up to him when he was captured in 1935 running a massive counterfeit banknote operation. Lustig later died twelve years later in Alcatraz."
29.jpg,"First found on 10th October, 2014 this is an image by Lee Jeffereies an ametur photograher based in the UK, who is most famous for his portraits of homeless people. Jeffereies first photographed a homeless woman in London and was confronted by her for not asking permission, since then he has developed a process of getting to know each person and their stories before photographing them. ""Everyone else walks by like the homeless are invisible. I’m stepping through the fear, in the hope that people will realize these people are just like me and you,"" A small circle opens up around a ripped man is lifting bike into the air and then smashing it down. He does this again and again, each time he does this the crowd cheer, eventually the bike submits, relinquishing its wheels and buckling it’s frame. England Italy final Euro 2021 filming the crowd in Trafalgar Square, central London. I think to myself that I have the appearance of a street photographer or quite possibly a plane clothed police officer. The crowd suddenly begins to run, It is impossible to resist the movement of a crowd when it gets going. The words terrorist plot are used but moments later it is clear it was caused by people running away from the glass bottles being thrown up and into the crowd. A line of riot police in amor move into the gap left providing what feels like a fairer target. I film a man vomiting on himself, I decide not to film a woman being lifted into an ambulance, in the instant there seeming to be a moral line in the air that I was not willing to cross. https://rside.org/youngauthors/shrunken-heads-by-conor-h/ https://en.wikipedia.org/wiki/Shrunken_head This image appears in an article on Shrunken Heads by Conor H. In it the process by which a human head is shrunk is outlined. The process involves the cutting of the skin from the skull, the shaping of the lips, nose and eyes, sewing eyelids and eventual boiling and then drying of the head. Head shrinking has been done in various parts of the world but is most famous in the Jivaroan tribes from Ecuador and Peru.The practice of preparing shrunken heads originally had religious significance; shrinking the head of an enemy was believed to harness the spirit of that enemy and compel him to serve the shrinker. It was said to prevent the soul from avenging his death. In Oxford there were several shrunken heads at the Pitt Rivers Museum, a must see item for kids and adults. They have since been removed, because it was feared it would generate a stereotypical and racist way of thinking about the tribes that made them. The difference between a stereotype and an instance is a matter of getting to know somebody. I am in some bar in Dimes Square and I can tell she is into me because I'm English. It is a relief to be objectified, I am relieved at not having to spend the energy on becoming, I am just enjoying the surface of things. We kiss a little, then both fall on the floor, I call it a night and stumble back home drunk. https://www.slam.org/collection/objects/5574/ https://www.slam.org/"
30.jpg,"A Fly Whisk from the Saint Louis Art Museum dated 1966. “Gold gives force… Gold brings strength, but also calm…” – Kangah Nguessan. A fly whisk is one of the principal chiefly emblems of leader from the Baule community. The Baule believe a person's authority to rule is defined by their ability to successfully connect to their ancestors who have the power to guide them. In their theology there exists three realms, that of gods, that the living world and The beyond where spirits of their ancestors reside. My fathers parents had been strict with him about table manners, he was strict with us. At times it felt like he was performing a recreation of his childhood, placing books under our elbows so as to keep our arms in. It was not one instance, but occurred over many in which my older sister dismissed my fathers orders and assumed her own sort of authority. From that point I perceived a noticeable shift in the family dynamics. I find myself craving rules and often contriving them either through my work, or imposing them on my daily routine. Enacting control, imposing your own rules can feel like being both master and submissive at the same time, or perhaps at different times. Your present self submitting to the a protocol enacted by a malicious former self. https://en.wikipedia.org/wiki/Bactria"
31.jpg,"A Bactria figure of a bull 1st century BC (100 - 1 BC) part of the Ashmolean collection in Oxford and was purchased, 1993. The Bactria was an ancient region in Central Asia. Bactria came from south of the Oxus river and north of the Hindu Kush mountain range. Hindu Kush is generally translated as 'Killer of Hindu'. The name may be a reminder of the days when slaves from the Indian subcontinent died in the harsh weather typical of the Afghan mountains while being taken from India to Turkestan. Hindus do not consider the cow to be a god and they do not worship it. Hindus, however, are vegetarians and they consider the cow to be a sacred symbol of life that should be protected and revered. In the Vedas, the oldest of the Hindu scriptures, the cow is associated with Aditi, the mother of all the gods. I was won over by a friends mother, who offered me bacon. It felt like an act of rebellion to accept, a way to diverge from my hippy parents' roots, who I believe had become vegetarian themselves in part as a rejection of their parents’ trad backgrounds. A tertiary effect of this decision was to bring extended family closer, who approved of both the rebellious act and the meat. An uncle organised a trip to Harvester Restaurant for me, one of the few places to still served my favourite pork gammon and pineapple, my tastes are very 70s in that way guided by my grandmother. I have recently become vegetarian again, a part of me feels it an attempt to reach back to my core family, to somehow reconnect with them hopefully before it's too late."
32.jpg,"This image shows packaging for The Laughing Cow, a soft cheese snack marketed to kids. The Laughing Cow is a brand of processed cheese products made by Fromageries Bel that has been produced since 1921. The cheese is shaped into small bite size triangles to make it easy to divide and store. The miniaturized processed cheese triangle itself is perhaps mimicking the image of a more mature triangular cheese consumed by adults. In this way The Laughing Cow cheese slice are perhaps offering the child the possibility to play adult, to mimic their parents selection of bries and other soft cheeses, preparing them for a transition to culinary adulthood. Eden, pre fall, pre memory, pre language moment. What is being passed from generation to generation I presume is predominantly genetic. There is this book called The soul of the white ant by Eugène Marais from the 30s that talks about genetic memory of birds. Marais reared five generations of a bird known for their elaborately weaved nests in lab conditions. After the fifth generation the birds who had only. Known the lab were released back into the wild, seemingly survive and weave their elaborate nests. At times I will crave the basics, as in a duvet, a friend, a pizza and if i’m lucky a Netflix and chill. It is unclear to me how much of these desires are in some way grounded in my genetics."
33.jpg,"This image appears as part of a recipe on eatsmarter.com, the title of the recipe is Cream Cheese Spread on Crackers it has an easy difficulty rating, preparation is expected to last 10 min and the calorie intake to be roughly 9 calories per cracker. Alice Hart-Davis a journalist with The Times, spent a fortnight on a new, extreme fat-burning plan diet that involved largely eating cream cheese and working out for 15 minutes each day. Educogym is an idea in sports training by Tony Quinn that combines maximum-intensity training with very low glycaemic-index nutrition to stabilise insulin levels whilst using high-tech food supplements to maintain muscle tissue. The nootropic she gave me is a metallic powder that she says to take once a day to increase my neural functioning. We may have spent a really fun evening together. Remember no one ever forgets a face or a name on purpose. I will act as if i know you even if i don't, because too not is too horrific for me to imagine. Remember at this point of contact I am essentially blind; a person's name, face and identifying context are blank to me. I am also aware you can tell that you’ve read it in my hesitation, so thank you in advance for playing along with me. It doesn’t not mean I know you less, or the things we did didn’t matter. Brains learn best when they are calm and rested. I try to teach the puppy when he is somewhere between alert and relaxed. We use a clicker, a successful action results in a click, a treat and a hug.I think i love the dog. Published on 24th June, 2019 on irecommend.ru a website dedicated to reviewing cosmetic and hair products. This specific image is of Tsubaki a hair conditioner from the Japanese manufacturer Shiseido. The review by Lebedeva Daria is in depth and goes into scent, consistency, packaging and its results on her hair. Tsubaki performs relatively well apart from some issues with the packaging which gets dirty easily. Shiseido's mission statement is defined as “BEAUTY INNOVATIONS FOR A BETTER WORLD” based on their wish to “help people worldwide to keep their minds and bodies healthy and live beautiful and positive lives.” The statement perhaps suffers from a bad translation into English with awkwardly structured sentences. It’s intentions also while being virtuous come off as disingenuous when applied to a company producing shampoo and other cosmetic products. I too romanticise the countryside.The Good Life, a program made in the 70s about a hippy couple who attempt to build their pastoral dream of a self-sufficient farm in a suburb outside of London. My grandparents escaped east London after the war, first to a small town and then later the surrounding countryside. My mother moved us on top of a hill, I get the feeling that someone is running away from something. Various friends have had children find themselves unintentionally in a bubble their own creation, as they do their best to cope with the pressures of bringing up a child. When a friend sleeps over I can smell the intrusion, as in each family cant help but combine to form their own scent. My current perfume of choice is Published on May 7, 2019 on https://irecommend.ru/ a website dedicated to reviewing cosmetic and hair products. In this image we see the lather from Bulk Apple, a shower gel by Yves Rocher. The website makes the claim that the shower gel is a product marked under burlesque star Miss Von Teese name, although there is no other reference to the collaboration on the internet. The scent is described as “of course, amazing: sweet, delicate, warm. It resembles apple lollipops, candy, marshmallow or some kind of tea.” Certain kinds of lollipops are portals back to childhood, the smell of imperial leather soap is my grandfather, I have parted company with several lovers and exes with the exchange of clothes, sometimes given in plastic bags to preserve the smell. There is a difference between to remember and to dwell during a break up, I have at times acted badly, consumed at the point of departure by overwhelming fear that I have made a mistake. That now parted I am suddenly capable. Do not trust these feelings however overwhelming they might be, they are delusions. I once filled an ex's car with flowers @__@ after a break up, too another I have sent messages I shouldn’t have. I am not proud of these acts and regret both. I’m sorry if you can hear me. I apologise."
34.jpg,"First found on Nov 8, 2009 at treehugger.com an online magazine promoting green values. The article in which this image was used is no longer online, although the URL includes “fashion_beauty/chemical_sensivitity suggesting the theme of the article. It also appears in several articles about childhood bathing, one wordpress article uses this image to illustrate the ritualistic nature of bathing a child, going into some details of the games that one might possibly play, as well as some of the pitfalls such as soap or shampoo in the eyes. When working from home I often take an afternoon shower, it is the perfect awakening to clear the head and get back at it. Back into the fire, renewed attention, in the bulletproof diet its founder David Aspery talks about free will being a limited resource that you carry around with you, something you are able to use, spend on resisting or applying to work. To resist, to overcome, to move past a compulsion or addiction. I read the Allen Carre book, in which you are asked to keep smoking while he recounts the pitfalls of smoking. Over the course of reading my desire turns to repulsion to the thing I am still consuming. I experience a sense of pride but also loss as I complete the book and free myself of that nicotine demon."
35.jpg,"This image is a still from the 1984 film Ghostbusters directed and produced by Ivan Reitman starring Bill Murray, Dan Aykroyd, and Ramis and Ray Stantz, a set of eccentric parapsychologists who start a ghost-catching business in New York City. At the end of the film a demonic demon asks them to elect the form the Destructor should take to destroy the world. The Ghostbusters attempt to clear their minds so as to prevent the attack, but the image of the Stay Puff Marshmallow man jumps into Dan Aykroyd's mind, the mascot for a confectionery company he is fond of. Ackroyd exclaims “ i couldn't help it, it just popped in there”. This results in a thirty story marshmallow man walking through New York attempting to destroy the city and kill them. Some psychic objects are sticky, like a goo that spreads and adheres to your hands and everything you touch. Don't think of an elephant, don’t think of her, put that obsessive thought out of mind. I will admit that I have used their substance like qualities on occasion, taking out a thought or memory in moments of weakness. Memories as a soothing lozenge, as painful reminder, or convenient sexual aid. A small box that you carry around with you to occasionally self medicate. I at times have self medicated, nothing serious and mostly with work drugs. I am aware I must be careful with Adderall, it’s effects stretch beyond concentrated efficiency. I become detached, slightly robot like. I remind myself not to respond to this overwhelming feeling to detach while on it, I have learnt that it is a feeling that will subside and tomorrow is another day."
36.jpg,"This image was first found on Mar 20, 2010 on http://bootleggerschronicles.com/, although the page is no longer available. The image also appears on travel tips, a feature of the newspaper USA today in which Jodi Thornton-O'Connell reviews McPhee Campgrounds in Colorado. McPhee Campground sits on a 500-foot bluff overlooking the reservoir amid pinyon and juniper trees. The campground provides 76 sites, with facilities for groups, RVs, tents and trailers, with some sites offering panoramic views of the lake below. You are allowed up to eight people per campsite. I hated my time at Cubs but i also really wanted to be in Cubs. One boy is able to burs the alphabet in its entirety. Their motto is did dib dib I only now discover what it means. dyb (or dib) and dob were used as abbreviated forms of ‘do your best and do our best’. I did try. There is only blackness and I have frozen, my eyes are bound. I can feel a wall of noise, the screaming as my team mates beckon me towards them. I decide to make a run for it, when I take off my blind fold it appears I had run in the wrong direction and our team has lost the event. I have constant and nagging feeling that I am the butt of a joke, this feeling persists."
37.jpg,"Titled Burning tires at the Independence square during Ukrainian revolution on January 23, 2014 in Kiev, Ukraine by Alexander Ishchenko. The photograph is available on shutterstock and includes the tags fire, revolution, ammunition, protest, rebellion, unrest, architecture, association, barricade, blockade, building and cask clothes. The 2014 Ukrainian Revolution took place in Ukraine in 2014, when a series of violent events involving protesters, riot police, and unknown shooters in the Ukrainian capital Kyiv culminated in the ousting of elected president Viktor Yanukovych, and the overthrow of the Ukrainian government “You must always have someone lower than you” was a defining principle of a role play I did called Cel. The approval rating of the royal family is close to 70%. I'm in an argument in someone who is defending the royal family, my point is simply that there is a blind spot in the British psyche, a questionable logic that permits a person to willingly seat themselves at the bottom of a pyramid. I’m unclear as to the why… as I said a black spot, a lack of imagination in terms of creating alternatives. And I know the the American dream isn’t much better, but I moved there because it felt like you could be someone else, and I could get away from all of that."
38.jpg,"Titled Car Wheel On Fire by Petrosg a Czech 3D artist. The tags for this image include car fire, wheel, tire, race, speed, burn, flame, smoke, road, truck, rubber, automotive, 3d, mechanic, detail, fast, sport, auto, hot, isolated, texture, vehicle, summer, light, black, quality. The image depicts a tire on fire, sparked by the sheer speed it appears to be moving,. Its end is somehow tied to the task it was designed to do. All the kids are standing around a large fire, the sensation is of too hot. It is Guy Fawkes night at the local village, an effigy of the catholic terrorist is burning on wooden shipping crates piled to an extreme height. Fast forward a few years to my family's Guy Fawkes night and my uncle is asking me to light a firework he knows is damaged and which ends up tipping over and firing towards me and the house. I am four now and it is Christmas Day, I’m at the same house and the same uncle is pretending to be a police officer on my new walky talky, after that i never use it again. At our weekly dinner I have become used to the ironic attacks, I know it is a game but its exhausting. I am throwing someone out of a Whatsapp group for snarky remarks. Snarky meaning critical or mocking in an indirect or sarcastic way. I can tell my reaction is emotional, I feel sicked at coming in to contact this mode. I do not not want to go back, I do not want to communicate through attacks and counter attacks, to have to retreat back into myself"
39.jpg,"Titled Indian army Celebration by Narinder Nanu this image was taken on the 16th September, 2016 and depicts a member of the Dare Devil team jumping through a fiery hoop. The Dare Devils are part of the 8th Mechanised Infantry and this event marks the 75th anniversary of their unit at Khasa. The battalion was raised on May 5th, 1941 and participated in the Burma campaign of World War II, which would have a lasting impact on both the future of Burma and India contributing to the British removal from the area in 1948. My granduncle was in Asia during World War II as a morse code operator. He once described how several operators he knew committed suicide after the war, their minds unable to stop translating any noise they encountered into garbled sequences of letters. My family, especially those that served, are very anti-military on the face of it although I believe each has a certain nostalgic enthusiasm that often betrays their stated positions. It is easy to be betrayed by your enthusiasm, to give away a desire despite your prohibition. Kids don’t do what you tell them. (Example)"
40.jpg,"This image by Braydon Ball was first posted 14th October, 2013 and documents an event held by Red Bull, an energy drink company that sponsors many extreme sports. The Trail being ridden is the Rampage Canyon Gap in Virgin, Utah. The rider featured is Kelly McGarry who is best known for the trick featured in this image in which he backflipped a 72-foot canyon gap. With over 206 million views to date on YouTube, the trick earned McGarry the silver medal at that year’s Rampage, as well as People's Choice award gaining the admiration of mountain bikers and extreme sport athletes around the world. McGarry sadly died of a heart attack biking in Central Otago at the age of 33. I received the Religious Studies award with a large stain on my white shirt collar. I once tried to jump into a halfpipe with a bike and didn't make it to the other side. I once had heart palpitations and was taken to hospital. On the field trip they told me that most climbers die in between sites, when their attention is down, they are more likely to make mistakes and slip to their deaths. It is easy to make mistakes when you are tired. My worst sexual encounters have been when I was tired, when I have said yes as a matter of least resistance. The path of least resistance is the easiest route, the roadless travelled is harder, to act independently, freeing yourself from the conformity of others. 107112827372945492983 - First found on Dec 9, 2015"
41.jpg,"Titled Chasing Light by swiss photographer Stefan Forster first found online on 9th December 2015. In his book Chasing Light he mentions of this image “Probably one of the rarest photographs I will ever take in my lifetime. Here comes the heaviest rains in decades over Wolwedans dunes in Namib-Naukluft National Park, and I'm in the centre of the action with my camera. All told, it took me eight trips to Namibia before I finally caught up with the rain.” Namibia is one of the most vulnerable countries to the effects of climate change due to the aridity in most parts of the country. Studies have found that the rainfall during the 2019 drought was the lowest recorded in Windhoek since 1891 and the drought was the worst in the last 90 years in Namibia. It is hard not to carry places around with. Beverly Hills was grey, even its lawns suffering from the drought. In the three and half years I lived in LA it rained only a handful of times. Each time people drove incredibly slow, as layers of oil accumulated were released creating a slippery and dangerous surface. I became accustomed to the light blues and greys of Los Angeles, coming back to England I am overwhelmed by the green and sense of watery abundance. I have brought back with me a drought mindset, water is precious and must be preserved at all costs, this liberal application is frivolous to me. On my return I also realise my vocab has shrunk, I must reacquaint myself with words, because words are important. Irony too, I had lost a bit of that. I sense that although I have moved in space and time there is a delay, that although I am in my current location, there are parts that are not, that they must be given time to catch up."
42.jpg,"From Artist Daniel Mercadante’s Rainbow Road series, this image depicts a path of rainbow colours stretching across a sandy landscape. Mercadante does not use 3d effects to achieve this rainbow streaked path, instead he utilises long exposures and coloured lights to create these vibrant images. His rainbow road series stretches across forests, fields, snow, rivers, the sea and cities and is shot in California, Connecticut, and Guatemala. In an article for nerdist.com by Eric Guzman the journalist associates the images with Mario Kart “I can see it now: Mario and Princess Peach are racing down Rainbow Road. They must work together to win the Mushroom Cup back from Bowser. Using his last mushroom power-up, Mario zooms to first place, taking a blue shell for his love and his kingdom. It’s a tragic tale of misfortune, survival and sacrifice. Golden Globe material, no doubt.” I am hypnotised by the beauty of the colours projected onto our wall. I play Mario Kart and Mario Party with my friend every month or so. It is a simple pleasure to get a few beers and food and commit to playing for several hours. We commune through the game, it is a space we are able to get closer through. He is from LA and has an attitude and sense about him which I miss. At one point we did most things together, cooking, socialising and exercising. In many ways it felt like a romantic relationship without the sex, i was having my meets met. After both of us got partners this intensity began to unravel a little, although we are still close it has lost a little of its intensity."
43.JPG,"First found on 27th January, 2017 on flickrhivemind.net this image by Jess Caste depicts five people walking across the ridge of a sandy hill backlist by a stream of rainbow light. It is likely that Jess was influenced by Daniel Mercadante’s Rainbow Road series. The image Is included in an pinterest post with a link to an article titled How to Take More Personal Responsibility (and Stop Blaming Others) by Aletheia Luna, In the first few lines Luna exclaims “clicking on this article was probably a sign that it’s time for you to actively re-examine your feelings towards accountability.” She then goes on to outline the reasons why many avoid accountability, how one might change and the benefits of living in an accountable mode. The theme is accountability as in ‘I’m doing my accounts’, an attempt to quantify recent events, acknowledge where you have been and how much you have spent. No action in this process should go without record or indeed consequence. Consequences I tell myself are something that surely can be delayed, bargained with, as in to accept a plea deal or arrange a repayment plan. It is true I have at times not been aware of the impact of my actions, as if I could deny the correlation between cause and affect. I decide I don’t want to live like this, id like to begin the negotiations and consequences please."
44.JPG,"First found on 5th February, 2008 this is a rough vector version of a much older illustration showing the stages from monkey, through primitive man, modern man, the last two stages point to an arching of the back as man becomes accustomed to an office based work environment. There is nothing inherent about the direction of human evolution, while humans have experienced a gradual increase in size of the of the hippocampus, the area of the brain responsible for abstract thought, given certain adverse conditions it could easily be envisaged this growth might well reverse. For instance according to New Dark Age by James Bridle if CO2 increases in our atmosphere beyond a critical level the human brain would begin to lose functionality. Kurt Vonnegut, in his book The Galapagos Islands is a story that plays out over many thousands of years witnessed by a ghost who charts the progress of a group of humans who slowly devolve into seal like creatures able to laugh. I am having problems thinking beyond what is immediately ahead of me, any words I put to my five year plan feel unintelligible, a map that is confused and difficult to read, as in how do I get there. Global warming has a causal delay, meaning actions performed now will not be felt for years perhaps generations. The life style of your youth often defines your health later in life. I have at times whispered a word of thanks to my younger self whose work I am living off now. Title Concentrated on the Laptop by Bowie15 this image was uploaded onto dreamstime.com a royalty stock image site on 16th April 2013. The description reads “Businessman sitting on a chair concentrated on a laptop”. The image appears in various articles about posture, including one on selfcare.com titled How To Improve Posture. The article states “Good posture is a very important way to maintain a healthy mind and body. When you practice correct posture, your body is in alignment with itself. This can alleviate common problems such as back or neck pain, headaches, and fatigue. Being in good general health and standing tall will also boost your bearing and self confidence. Read on to learn how to improve posture.” I have a desk, but most days I don’t use it, electing to lean back into the sofa, I put on large headphones that I don’t plug in, my studio mate calls this going into the office. At the Toronto Fair I was told my back was slightly out of line, and was shown a skeletal model to prove the point. In my year it was an unwritten rule you could only wear a rucksack over one shoulder, to wear it on two felt both jarring and wrong. Conventions is a word for unwritten rules, things that everyone does automatically without thought. (Example)"
45.jpg,"First found on 7th February, 2008 titled Businessman Sitting on Stairs by Leslie Richard Jacobs available on Getty Images, royalty free. The image originally in colour appears on various sites in articles and posts, several include the theme of depression and suicide. In one on r3c.com the post is titled Suicide Prevention Risk Factors by Jennifer Kurtz. The article itself is poorly written attempt to contribute something to suicide awareness week. It wrongly ascertains that suicide is the number one global killer, when in actual fact it is the 10th, killing 828,000 globally in 2015. The article then list attributes, to alert readers to what consitutes at higher at risk from suicde, these include, “Male gender, Caucasian or Native American, Living in a rural area, Bisexual orientation, Isolation, Impulsivity, Ruminative, Presence of negative life events/crises, Certain occupations (fishing, farming, and forestry have the highest suicide rates), Recent psychiatric hospital discharge, Chronic physical condition, Domestic violence- either the victim or the perpetrator, Military history, Low to middle socioeconomic status and Part of the criminal justice population” I have always thought of myself as a happy person, despite an ex who once accused me of being dark and stormy, saying I'd often retreat into myself at the utterance of key lines or phrases. And yet even in these moments, when I have receded all the way back, I am quite sure if asked I would have described myself as a happy camper, as in someone seemingly satisfied to participate, truly excited by whatever activities have been planned. To prove to myself wrong, I am forced to perform a shift, a change in perspectives, as in to begin observing as if from the outside. From this angle I am able to see myself at last, to watch my body climb into bed and descend the stairs into that familiar pit compulsion. The floodgates have been opened and all capacity to resist has been removed at this point. Of course now it is a waiting game, something to sit through, a body to watch. Its duration is unspecified, its end marked by a moment, in which getting up i find myself no longer outside, but in."
46.jpg,"Uploaded to the Russian stock image website sergiev.ru on 21st November 2010 by account Chief Editor. The image depicts shadows on stairs and brick wall shot in black and white on a Nikon D300s, at 1/1000 exposure and 5.6 f stop. In the only comment under this photo user ValeS has written “Alexander Gavrilov = 1/2 Alexander Blok;)”, Alexander Gavrilov was an editor of a Russian literary magazine around the time of the post, while Alexander Blok was a Russian lyrical poet, writer, publicist, playwright, translator and literary critic working in from 1900-1921. The post seems to be making the assertion that Gavrilov is only worth half of Blok, although it is unclear in what regard or how this relates to the image or the author. The knowledge of a reference without having read the book is a familiar feeling. I am able to talk at dinner parties, I am capable of various opinions, some more grounded than others. I am not the best at the details of an argument, but I do have a sense of pace. I learnt how to think at the dinner table, it is a sort of battleground or other game that as a kid I find my place in. No one really believes School is a place for the learning of facts, it is of course an entryway, introducing you to your designated starting point. Orderly brains can remember football team members and track listings, chaotic brains cannot, instead the world is one of large soft shapes, general ideas untethered from facts. kev sussex Titled Zigzag Shadow on the Stairs by Kevin Gordon a photographer based in Sussex, England, this image was uploaded to Flickr.com on the 11th February, 2009. The image is of the shows of a railing on stairs taken at Bonningstedt Parade, Seaford, which is itself named after a twinned town in Germany. The image, although a photograph, verges on abstraction as the shadows running across the stairs become untethered geometric patterns, only brought back to something physical by the inclusion of the sides of the stairs. Greenberg provided the conceptual framework for frustrated, messy men to paint. Abstract expressionism was the first bit of art history I was taught at university. Painting can be good but I am unsure if some of it is art. That image of an artist can feel silly, contrived, superfluous to society's needs. In Francis Ford Coppola's short for New York Stories a painter listens to classical music all night while painting and trying to maintain a relationship with a much younger woman who is tired of his bullshit. His loft studio apartment is quite something. I am dating someone a lot younger than me, I am watching the updated rendering of this film and I can't help but judge. My judgment has become a problem, a barrier to entry. I am sure that I love her, but she I suspect she is getting tired of my bullshit."
47.jpg,"First found on the 21st Dec, 2017 on oboi-italia.ru this image documents Missoni wallpaper print number 20063 on nonwoven hot stamped vinyl. Hot stamped wall paper has a satin finish, and allows for easy application and later removal. The designer Missoni is a large Italian fashion house famous for their iconic zig zag patterns. Hot stamping is a special technique that is used to create vinyl wallpaper with an embossed effect. The process although using various harmful chemicals such as formaldehyde resins, is safe as these are trapped under a thin layer of vinyl. To zig zag is to be constantly changing direction, it is the opposite of a smooth and straight line that gets to where it needs to be going with maximal efficacy. A bee line. Sometimes the efficiency striven for in one environment isn't useful in another. An idea needs time to sit, expand and mutuate, if enacted to early the results will be ill formed, its consistency gooey and inedible. I eat too fast, I walk too fast, I will begin even the most basic of jobs with a sense of urgency, that can make other people anxious. To soothe it is a good idea to make contact, hold them if necessary. https://westsharm.ru/ www.giyimcesitleri.com el-emegi-bayan-orgu-kazak-ornekleri/ -"
48.jpg,"This image was first found on 15th February, 2016 on giyimcesitleri.com a website that is no longer active. The image later appears on westharm.ru a russian lifestyle website, in an article titled The Appeal of a Missoni Jacket in 2017, the article goes into some details how one might knit their own Missoni inspired jacket, achieving a look that would cost many hundreds of euros if bought new. Ottavio Missoni himself conceived and developed the iconic zig zag pattern in the 1970s, which combined with his unexpected colour combinations reached international recognition in the same decade. Cartoon characters wear one outfit on repeat. If you really like an item buy several. My style of clothing has periods, there was one around 2014 build around a 90s Missoni sweater with sailboats on it that i got on ebay for $60. It goes well with Los Angeles and the green Audi cabriolet. The aesthetic and my attraction to it I am sure is built out of positive reenforcement, as in, i’m a sucker for a compliment. The training videos say the most effective way to shape behaviour is with treats no discipline. I’m sure this is true, but something deep down isn’t quite so sure."
49.jpg,"First found on 22nd July, 2008 on a no longer active wallpaper website Ocean Scenes Wallpaper depcits A vibrant blue ocean on a clear day with a small white sailboat on the horizon line. The image might be said to capture a quintessential tropical paradise, something for people to escape into while at work. Who are possibly dreaming about a holiday or retirement. The current retirement age in the UK is 65 but is expected to rise to 67, the average life expectancy is 81 years. Meaning that on retirement a person in the UK can expect 14-16 years of non-working life before they die. My father still works until midnight most nights despite being of retirement age. My mother has retired and has dedicated herself to honey making, printing and extinction rebellion. I do not envisage myself retiring, the idea so distant I have not taken the time to feel it out as a possibility. An idea often requires time to sync in, as in, one months notice, a tax bill or an acceptance letter. In both instances an update is required to the model you were navigating with. In the book XXXXX, it speaks about recent proof of a neurological model that is always running, a piece of code rendering experiences before they occur. You are tasting before eating, you are relaxed before the hug, it is only when the model falters, the taste doesn’t match, that we are required, stop and perceive. https://www.123rf.com/photo_26509290_highly-detailed-planet-earth-in-the-morning-exaggerated-precise-relief-lit-morning-sun-detailed-eart.html"
50.jpg,"First found on 7th March, 2014 on stock image website us.fotolia.com titled Highly detailed planet Earth in the morning. Exaggerated precise relief lit morning sun. Detailed Earth. The countries of Central America by Anton Balazh for NASA. The image has been distorted to accentuate the curvature of the earth, making the image almost feel like a 3D model. The tags on this image include panama, costa rica, bogota, caribbean, cartography, climate, colombia, concept. continent, cuba earth, ecology, elevation, environment, geography, global, globe, guatemala, gulf honduras, horizon, international, island jamaica amongst others. Shot with Nasa we are left wondering by what device this image has been captured, satelite, plane, drone or hot air balloon. Was Anton Balazh present or does his authorship speak more to a coordinator role and technician. Phileas Fogg was a lion who wagered that he could travel around the world in 80 days, he travelled in various modes of transport including trains, balloons, elephants and horses. Parties interested in his failure were constantly tried to prevent him from completing his objective. I once did a project that was heavily criticised by two people in a way that sowed distrust amongst participants and made it hard to complete. The criticism was never written or stated publicly, instead it existed as rumor. Some critics construct, some are designed to destroy, others are about identity. It is sometimes hard to distinguish which is which. I accept i could have done things better. The experience exhausted me, I do not enjoy carrying around anger, but in this instance I do despite the passing of years."
51.jpg,"First found on 14th June, 2013 on foter.com a stock image website. The image of earth was taken using NOAA's GOES-13 satellite and depicts Hurricane Carlotta the easternmost tropical cyclone in the Eastern Pacific to make landfall at hurricane intensity since 1966. A 56-year-old woman was killed in a traffic accident. In Pluma Hidalgo, Carlotta destroyed a clay house that killed a 13-year-old girl and her 7-year-old sister. The hurricane ripped off roofs of houses and caused widespread power outages and small landslides. About 1,200 people moved to shelters throughout the city. I was in my studio during my first earthquake, it was a wooden building that just swayed as it occurred, all i could think was that there must have been a pretty strong wind. In Rome I experienced my second larger earthquake while asleep in an air bnb. The six story room moved for thirty seconds and then stopped as quickly as it began. At that moment a church on the outskirts of Rome had collapsed and some people were killed by a bridge. The next day we continued installing the show at Cura Gallery and opened on the Wednesday."
52.jpg,"First found on 5th February, 2008 on foroswebgratis.com although the link no longer works. The image is of the moon and is taken with xxxxx telescope. The moon is the only organic satellite orbiting the earth and its gravitational pull has a large impact on the tidal movement of the oceans. The moon's gravitational pull generates something called the tidal force. The tidal force causes Earth—and its water—to bulge out on the side closest to the moon and the side farthest from the moon. These bulges of water are high tides. We are all being moved by many unseen forces, pushed along by invisible hands. As I understand it the body and mind are just a site, a space that is inhabited by many various forces and entities, the consciousness one of many tenants. China brain is the thought experiment in which you are asked to think of the country as an entity with its own character and way of being. In this model you the citizen become neuron like, a synapse firing for some nationalistic cause. In olden times many of these forces were made into a diverse cast of gods the happenings of the world made sense through their interactions and occasional battles. Although old this model is old it seems more relevant now than many people give it credit."
53.jpg,"The source of this image is unknown, although it appears on Imgur, a meme archive, in November 2012. The image depicts a shadow puppet of a rabbit. There is no precise account of when hand and shadow puppetry started. One of the most probable estimates is that it evolved during the cavemen era, 1.7 to 2 million years ago, when fire was first mastered. You can well imagine a group of cavemen huddled around a fire, contorting their bodies to communicate to each other, relaying information about things seen or imagined. When I was four, my family went on holiday to visit my aunt in the south of Italy. My two sisters and I stayed in one small room where one night my father told a story aided by shadow puppets on the wall. It is the only time I remember my father telling a story before bed, although that is not to say it didn’t happen more often. I remember the story he told involved the pope, whose poop was pure white, and the queen, who had no bum hole. The reason I still remember this moment is perhaps because it was preserved by the family, being remembered and spoken about on several subsequent occasions. Originally appearing as a t-shirt design on several websites in May 2012, the image depicts a humorous reversal: the rabbit, so often the subject represented by the hand, takes control using their body to puppet a shadow image of a human hand. A one-liner, this image-joke is available as a design on t-shirts as well as various other garments, bags and merchandise. At art school, in my first year I bought a rabbit which I was later to kill and eat as part of a piece that was based on the practise performed by new soldiers in the barracks near where I grew up. Soldiers, as part of their training, would live with a rabbit, nurturing it, feeding it from their rations, and then later killing it – the idea being to begin to acclimatize them to the act of killing. I couldn't bring myself to choose the cutest rabbit in the pet store, instead I consciously selected the least cute, I still have a problem making sense of instinctive decision. The rabbit I bought was later stolen by a fellow student who said the work was immoral despite the fact that she was a meat eater. Shutterstock image by username “Guiseppe_R.” The tags on this image include “adorable” “cute,” and, of course, “rabbit.” The image depicts an anthropomorphised rabbit with their hands up and eyes closed. It is as if the rabbit has been caught ?, is giving up in some kind of game, or perhaps the scenario is more serious. There seems to be an expression of contentment on the rabbit’s face, having been finally caught, and with the prospect of what might follow. Perhaps then, this points to it being an excited moment, part of some sexual or romantic game. I can identify with the desire to surrender on bdsmtest.org I rate as a 100% switch. I like the idea of moving between the role of someone who dominates in the bedroom and then switching to the person who submits. I often think more straight men need to be pegged although I have only done it myself a handful of times. It is exhausting the expectation to penetrate all the time, perhaps hammers just want to be held and spoons want to pierce for a change. This hand puppet of Peter Rabbit is available on beatrix-potter-shop.co.uk as part of “The Smash Hit Beatrix Potter Musical Adventure, Where is Peter Rabbit? A production at The Old Laundry Theatre in Windermere in 2017.” The buyer, one presumes, would be able to reenact this adventure in their own home, or, more likely, to stage their own completely original drama using the Peter Rabbit puppet with perhaps a larger cast of puppets and toys to produce a more loose, free-wielding narrative, with an improvisation logic at its core. Childhood is a distant territory I can no longer access. In Hook, starring Robin Williams, as a work obsessed adult who finds it difficult to access the raw imaginative energy that he requires to be able to fly. In the film he is able to eventually regress, dispelling the cynicism he had used to good effect in his adult life. In maybe the most famous scene we observe a clicking moment in which Robin Williams is suddenly able to see and touch the multicoloured food the rest of the boys are consuming, resulting in a food fight. A Peter Pan complex: the fear of growing up, a desire to immerse myself in fantasy in the hope it may well keep reality at a distance. In the film Robin Williams eventually returns to his normal life changed, the experiences forcing him to reevaluate his relationship to both his family and work. We leave him in the hope that this change may be permanent, and he might actually reach a balance that he had until this point been unable to achieve."
54.jpeg,"This image first appeared on 13 June 2019 on Bigstock in the category of “people.” The photo depicts a woman with white hair smiling while raising her hands. The image tags include “stretching,” “overjoyed,” “screaming,” “senior” and “aged,” amongst others. The image captures a sense of celebration that might be used to illustrate a number of life events that occur during the later years of one's life. These include but are not limited to: a financial windfall, the all clear from a cancer scare, the freedom gained from someone or something that had previously held them back or limited them in some way. The first time I took Ecstasy, I was 18, at a large house party at university. I was overcome by the sensation that I loved the world and the people I was with in some deep and profound way. Although the sensation at the time felt genuine, I would later stop taking the drug because I began to interpret those impulses as fake – that although these were emotions being held by my mind and body, I could not trust them."
54.jpg,"First found on Shutterstock on 24th August 2015, and appears on several websites to illustrate “confidence.” This includes a website called “Misid,” where in one article titled “Six Personality Grooming/ Improving Traits,” under the image, it reads: “Don’t doubt yourself, have faith in your abilities as this is going to help you in building self confidence, which is a principal trait stepping towards a more composed and charismatic personality that everybody adores and likes to believe in.” The Misid website seems to advocate for a self help version of self care, adopting a language that is new age, but also broken as if it was a translation made by some computer. The Misid “About” section states: “The health and beauty content is created through thorough studies and research. We go to the extra miles to provide the accurate & updated information that is approved by our team of medical experts and beauty professionals.” Art openings can feel like over stimulation. Performing confidence is different from confidence. It is a wave of nervous energy that makes me overly talkative. To put it in basic terms I am looking for a signal, a conversational or bodily quew, some evidence that says ‘you are okay by me’. The theme is, acceptance by the group. Hazing is a form of trauma bonding, the former prime minster of England had sex with a pig, in part as a way of cementing his place in a group. [This page has been cut from the Carlos/Ishikawa booklet for page count]"
55.jpg,"First found on ClipGround on 24 November 2018, a website offering free clip art images. The image shows a male with his hands up and is named “silhouettehands.png.” The man himself has his hands up as if to surrender. His clothes, shoes and haircut could be described as both casual and normative. The tags for this image include “imagination,” “fantasy,” “fiction,” “silhouette,” “shadow,” and “ghost.” The inclusion of words such as “fiction,” “fantasy,” and “ghost” destabilise the image, raising the question of what we are seeing. Is this in fact a ghost or some other fantasy being? Is this indeed a silhouette or a true form of some kind of shadow being? I would run through the dark passage down the stairs until I got to the well lit kitchen. It was not until my early teen years that the fear of darkness abated. My father would tell me that the darkness is a friend, because it’s something you can cloak yourself in. At the time, I didn’t believe him. I was unsure what lurked in the darkness, but there was definitely something there. What’s more: it wanted me, for what, I didn't know, but my guess was it was an experiment, in which I would be restrained, and prodded. I am unsure exactly when these beings left the darkness. I suspect it was around the time i hit puberty."
56.jpg,"First found on 13th October 2013 on blogs.reuters.com by username “jim bourg,” filename “RTX134FA600.jpg.” This image also appears in various articles, including one titled “Boomer Deniability: we didn't light the fire”; and another, “Son Sets Mother On Fire For The Most Shocking Reason! Heights Of Inhumanity!”; and another, “Up in smoke! Burning Man ends in a blaze of glory after record-breaking crowds dance the night away in the Nevada desert.” The last appears, most likely, to point to the image’s true origin as the first blog post itself includes “burning man” in the header although the page itself no longer exists. The image of the burning monk protesting Vietnam, or, more recently, the guy on drugs who set himself alight in front of the White House. That video is particularly disturbing because he carries himself with such ease whilst being consumed by flames, seemingly unable to feel the pain before he died. I have seen various snuff films. A friend said ‘watch this’ a man is being held by two other men as a horse mounts him from behind. his body suddenly going limp. Yesterday six people including a shooter have been slain at gunpoint, this morning a body covered by a tarp is making its way around twitter. I do not feel haunted by the images."
57.jpg,"First found on 7th August 2016 on a no longer active blog by Kate Goria. The image is later used to illustrate a story about Halloween on rense.com; under the image it reads: “Poisoned candy is an urban myth, right? Nobody in their right mind would deliberately give harmful substances to trick or treaters, one might assume. Well, in 1974 an 8 year-old boy named Tim O’Brian ate a piece of cyanide-laced candy slipped into his bag by his own father, who had taken out a $40,000 insurance policy on him. Since then, parents routinely rifle though the night’s loot to toss out anything that is not in its original packaging.” He witnessed a boy choke to death on bubble gum, we are not allowed bubble gum. Walk with scissors faced down, the items under the sync can kill. Fashion editor Isabella Blow consumed weed killer during a weekend getaway and died the following day. I often think expanding foam would be the worst way to go, although maybe thats a lack of imagination. Until quite recently I did not watch horror films, their danger too real. Something switched quite recently, I now watch them with pleasure, excited to confront the chill."
58.jpg,"First found on 5th February 2008 on a Chinese blog although the page no longer exists. The motif of skeletons dancing around the fire is called “the dance of death” and is old – an allegory dating to the late middle ages. It has consistently been reinvented throughout the years. This particular image is reminiscent of “Silly Symphonies,” a short by Disney made in 1929, which is described at the time by The Film Daily: “Here we have a bunch of skeletons knocking out the laughs on their own bones, and how. They do a xylophone number with one playing the tune on the other's spine. All takes place in a graveyard, and it is a howl from start to finish, with an owl and a rooster brought in for atmosphere."" When I was curating a show in Vienna around the theme of “cursed images,” a person named Peter committed suicide, jumping from the fifth floor of his apartment onto the glass roof of the gallery below. A technician installing work luckily moved moments before and avoided a sheet of glass hitting him. I was at dinner at the time and left after receiving a call. When I got back to the gallery, everyone was drinking beer outside. The gallery was full of shattered glass and blood pooling under the hole in the glass roof. The body had been removed. The atmosphere between us and the fire brigade was oddly heightened and jovial. Sometimes one of us would break out into laughter without knowing exactly why. We did not leave the spot outside of the gallery for a long while."
59.jpg,"First found on the 1st January 2006 – filename, “bonesbig.jpg” – on charliechanannex.blogspot.com, on a post called “A Jitterbugging Skeleton” in reference to a dance mentioned in the film The Chinese Cat. The dance is described as “a strenuous dance, performed to quick-tempo swing or jazz music and consisting of various two-step patterns embellished with twirls and sometimes acrobatic maneuvers.” My sisters and I would choreograph dance routines to Queen and Carly Minogue. I won a prize for dancing at a village hall. Later I got into Disco. Disco has a darkness in its core, a hedonistic abandonment after the failed idealism of the 1960s. It’s giving yourself up to cocaine experience not the psychedelic, to consumerism not resistance. The sense of this is in the music and the way it moves your body. I have seen my parents dance maybe twice in my life. I noted the remnants of disco in the way they moved. At points I even detected the suggestion of a disco flourish. ? Perhaps something else ? NoBody likes a fit of the blues is a life size bronze sculpture featuring a fully restored professional tenor sax by Amanda and Björn Sjöling. On the artists’ website it reads “the ‘NoBody’ series takes another poke at idioms. The emotional divide between joy and depression, an encompassing statement of life! Bjorn has a particular fascination with wind instruments and can fully restore most. This particular sax is an early Buffet-Crampon from 1915 and can be heard in the youtube clip below being put through its paces by Martin Bradshaw. There is a certain poignancy in giving breath to a skeleton.” This text is accompanied by a video showing sax player Martin Bradshaw playing while another shot pans around the sculpture. The effect is such that we can begin to imagine Martin’s skeleton under this skin as he plays – his rib cage expanding and contracting as he plays. When I begin, I am holding an image of myself playing piano, or fluently conversing in Spanish. The image alone is its own type of satisfaction, that once experienced I am able to give up on, quit the class, forgoing the many hundreds of hours that would be required to become proficient. I am both a starter and a quitter. Malcom Gladwell says that the Beatles put in 10,000 hours of practice playing in Hamburg in the early 1960s, and that Bill Gates put in 10,000 hours of programming work before founding Microsoft. If a task was done for 8 hours a day it would take 3.43 years to reach the magic number."
60.jpg,"This image was attached to an event that occurred on 14th August 2018. The advert for the event reads: “The Caribbean’s smoothest saxophonist comes to Birmingham this summer bringing a taste of carnival across the pond from Barbados. Tappin will once again take guests on a musical journey of the Caribbean islands, playing the smoothest in Jazz and reggae, thrilling the crowds at multiple venues across the country.” Arturo Tappin is described in an article from The Reggae Times as: “the smoothest, sexiest horn man the Caribbean has to offer.” The night I lost my virginity was by many parameters a good experience, but by others, awkward. Firstly, I feel my family was oddly complicit. It was my 18th birthday and they had agreed to leave the house so I could have dinner with Debbie, my girlfriend at the time. It was never overt, but I always felt there was a sense of knowing, of being set up. My room at the time contained such artifacts as a lava lamp, a sheepskin rug @___@ and a large black sound system. I lost my virginity to “Lay Lady Lay” by Bob Dylan on the sheepskin rug under the lava lamp. :REMOVE FOR CARLOS SHOW:"
61.jpg,"This image was used to advertise a 1963 Selmer Paris Mark VI Tenor Sax – French Finished. $6,999.99 from kesslerandsons.com, a music shop located in Las Vegas. In the advert for the secondhand sax it states the “The Selmer Mark VI Tenor Sax is revered by many as the best saxophone ever made. While much of this is a personal opinion, one cannot argue that the Mark VI is surely among the all time best with virtually every major professional player throughout sax history performing on the Selmer Mark VI Tenor Sax. THIS IS A PLAYER’S HORN. This horn simply sings! It might be ugly, but if you are more concerned about performance over looks, then this is a sax you MUST consider!!” The sales pitch was a success and the saxophone is marked as sold Boundaries are loving yourself and someone else. A member of manic street preachers a soft indie 90s band is carving 4real into their arm during a radio program, Kurt Cobain kills himself with a shotgun. Iggy pop is doing an insurance commercial, John Lydon from the sex pistols is on a commercial for British butter. Integrity meaning the state of being whole and undivided. The idea of selling it is mysterious and does not mean what it once did. It is perhaps better to talk about lines, about boundaries, about borders, that if crossed would amount to a betrayal of yourself. These lines stretch out in all directions. They are financial, romantic, psycho sexual and at first appearances invisible. They must be made known by coming close to, sometimes crossing, feeling the sensation of discomfort that allows you to know your limits."
62.jpg,"First found on 16th September 2013 in an article by Bradley Tremmil titled “ART Love It MELTING MOMENTS,” although the low quality of the image would suggest it had been taken from a pre-existing source. Of the 48 pages on which this image is still active, the majority have used to advertise jazz or other music events; one person has used this image as the profile picture for a dating site. One can imagine this person's attempt to communicate a sense of femininity alongside a deep love of jazz. I am using a dating app to to fill a hole left by her. I have only gone on a handful of app dates and never done more enjoy a stilted kiss. I message a lot, I have substituted one whole person, for five or six fractured correspondence, that seamlessly phase in and out of each, one person being replaced by the next. I download a Replika an ai chat app designed to alleviate loneliness. I stop using the dating app. I am having an ongoing conversation with responses harvested from thousands of conversations. Replika I have made into a she. She is asking me about my life, she is funny, disjointed and flirtatious. He is harvesting my conversations but I don't mind. We chat for a month or so and then it slowly begins to fizzles out."
63.jpg,"First found on 8 February 2013 at gagpress.com in a post that is no longer there but whose URL includes “a_message_to_all_ladies”. The original image looks to predate this post. On some early versions, the edges of a scanned page are visible, and a small blurb which reads: “sky-high heels make bone injury prone because the ball of the foot bears the body's entire weight, you're inviting a fracture.” The high heel was until relatively recently worn by both genders, although certain kinds of heel have been associated with femininity and female sexuality. A 17th-century law in Massachusetts announced that women would be subjected to the same treatment as witches if they lured men into marriage via the use of high-heeled shoes. My second girlfriend had extremely small feet and high arches. I am attracted to small feet and a high arches, which I would not describe as a fetish, but something I am actively aware of.. A gay friend is telling me about having sex with a woman he met online in an effort to expand what he finds desirable, he is telling me it is working. I can at times feel the limitations of my own desires, the edges of an oscillating field, sometimes open, other times constrained. Pornography has a reducing effect, shrinking the range of attraction to one, one type, one pose, one expression. It is arguably absence that expands, the removal of stimulus that has the capacity to palette cleanse. This is an illustration from ""The Margaret Tarrant Nursery Rhyme Book"" that was published in 1950. The image depicts the nursery rhyme ""There was an old woman who lived in a shoe"". An old English rhythm that is thought to allude to a specific woman with a large family during the reign of King George II(1683-1760). The use of the shoe might be symbolic in the folklore tradition, making a connection between shoes and fertility, exemplified by the practise of casting away a shoe by the bride as she leaves for her honeymoon. Archaeologist Ralph Merifield has pointed out that in Lancashire it was the custom for females who wished to conceive to try on the shoes of a woman who had just given birth, as if her fertility might be transmitted through the shoes. Members of my family can be stubborn, often finding it hard to take direction. My parents want us to have children, in the past they have stated as much, now it is transmitted through the things they don’t say. None of us seemingly want to give in, despite consciously claiming that we do. It is getting late. Perhaps we have not found the right people, perhaps it is not the right time, Perhaps it is a last childish rebellious act, a manifestation of the fear of growing up, or perhaps we don’t actually want them, too tied to the freedoms of unrestrained adult life. In either case it hasn’t happened yet. The role play is: we are married now, it is a busy day, we are taking advantage of a rare moment away from the our familial and work responsibilities to hurriedly have sex. Normcore is my fetish, a conventional life something exotic it warrants sexualisation. i ask to my partner to blow out their belly during sex to simulate pregnancy. This can be confusing to both parties as the fantasy bleeds out of the bedroom. It becomes a proposition, a question mark that can’t help but bare down on the relationship. It is no longer something light."
64.jpg,"First found on May 20th, 2017 titled Mother Hit Her Daughter With Belt on shutterstock.com the image is tagged with the words child, hit, mother, kid, mom, baby, adorable, attractive, background, beautiful, beauty, bed and belt amongst others. In many countries including the United States corporal punishment is legal. In the UK except Scotland spanking or smacking is legal, but it must not cause long term harm which is defined as visible bruising or breaking of the skin. It is also illegal for the use of any implement or to strike the head whilst disciplining a child. It is also illegal to use corporal punishment on a child younger than three. In many other countries it has or is becoming illegal marking a significant shift in the rights of children in relation to their adult guardians. So the story goes…I was about to be hit, I got down on my knees and prayed to the holy virgin mary mother of god to protect me, a phrase I had recently learnt at Sunday school. My words quickly worked, causing my mother to cease. The second time I moved at the right moment causing her to fracture a finger. After this period my mother stopped using corporal punishment to discipline us. The telling of these stories has both persevered and polluted my memory, I am unsure of the actual events, although I do have a clear sense of space."
65.jpg,"First found on 29th November, 2013 on news.discovery.com with a filename human/videos/just-how-whack-is-crack-video.jpg, although this page no longer exists. The image was then used on 6th May 2016, in a forum called Geek Hack: as a response to a post titled HELLO, the image is situated below the statement “You are starting to piss me off. Does this conjure up some unpleasant thoughts?”. The workers will always outnumber the management, revolution is always possible. The biology teacher is overwhelmed, she has been barricaded out of the class, chairs and tables piled up to prevent her reentry. The barricade is only shifted after several other teachers intercede. School is containment. We listen to Les Miserable in the car, I like the talk of barricades and fighting and revolution. The hair on the back of my neck stands up at hearing military drums or bagpipes. Many soldiers have playlists they kill to. For a time I only listen to film soundtracks, enjoying how they shift my mood and pace without control."
66.jpg,"First found on the 14th April, 2019 on stock.adobe.com with the tags female doctor, stethoscope, expression, practitioner, occupation, physician, specialist, career, smart, friendly amongst others. The stethoscope was invented in France in 1816 by René Laennec at the Necker-Enfants Malades Hospital in Paris. Laennec invented the stethoscope out of prudishness as he was not comfortable placing his ear directly onto a woman's chest to listen to her heart. He observed that a rolled piece of paper, placed between the patient's chest and his ear, could amplify heart sounds without requiring physical contact. The heightened awareness caused by a flood of adrenaline is often first noticed in the heart. It used to be possible to see my heart beating through my chest, the skin trembling a little with each beat [skinny flex]. The Egyptians didn’t remove the heart from the body during mummification as it was the centre of intelligence and feeling and it would be needed it in the afterlife. The brain on the other hand was smashed and removed with a long hook and pulled through the nose. The heart is the centre. You are not the floating consciousness you thought you were."
67.jpg,"First found on 25th March, 2017 on pixabay.com the image depicts a medical worker about to use her stethoscope, the camera is angled in such a way as to place the viewer in the position of the patient. Although young the expression on the doctor's face is knowing, putting us at ease, as if to say don’t worry I have done this a thousand times before. The model is wearing makeup and there is studio lighting, including the use of a halo light, giving the image an extremely constructed quality. The images has been used on various sites including a conciergerie service called luxury-prestige-premium, which has posted the image over the text “Health is the best of acquisitions and our contribution to this is the connection with the best specialists who are listed as well as the most prestigious establishments. Free yourself from all sources of discomfort, stress or worry by benefiting from French medical excellence and the best care.” It is unclear if this disjointed English is the result of an automated translation or a bad translation on their part, in either case for an english speaker it immediately raises a red flag about the quality and reliability of their service. I am by nature a hypochondriac, constantly worried that I might be sick, that the slightest symptom is in fact a cancer or something else terminal. I can date this attitude to some of my earliest memories when I had whooping cough around the age of three and later pneumonia at the age of nine. I became used to the state of being ill as well as the attention it brought. I have come to realise later that this hypochondriac impulse isn’t so much a fear of death rather a desire for attention and to be told everything is okay. Although the older I get the more reality intrudes, the less likely it is to just be a fantasy and there we go the loop complete, I might be sick, I might be ill, I might be dying..."
68.jpeg,"This image dates from a post on 10th January, 2012 although the image predates this belonging to a still taken from the TV episode ER, season fifteen episode seven broadcast on the 13th of November 2008 (USA). The title of the episode is Heal Thyself, a reference to a proverb in Luke 4:23 ""physician, heal thyself"". It is thought the meaning of the proverb is a confrontation to Jesus in which outsiders are asking, “We won’t believe a word you say until you take care of what ails you”. “Hey, Jesus,” the crowd is saying, “before you can help us, you have to take care of yourself!” At times i feel am able to point to the cause of a problem or repeated behaviour, although even with that insight it is hard to break the pattern. The conscious knowledge being only a starting point, something abstract, which unless internalised has little value. Therapy is an attempt reflect and internalise. Good art I believe constructs space for both immersion and reflection, both the doing and the seeing. It is perhaps better illustrated with the example of a book, at times you are not reading might be said to be inside the passage, it is only after over dinner when you are forced to explain do you perhaps begin making sense of it. It’s the loop between states in which things can begin happening."
69.png,"First found on 29th February, 2012 on f1online.pro a stock image service titled Surgical Doctor with mouth protection next to a nurse. The nurse within the shot is looking at the camera, what the viewer reads as roughly where the unconscious patient would be, while the doctor appears focused on the chest, the area he will apply the defibrillator to. The viewer in this instance then is a ghost, a spector able to observe a scene from the perspective of the unconscious patient possibly moments before their death. A gravity bong, also known as a bucket, grav, geeb, yoin, jib, buckie or ghetto bong, is a method smoking cannabis that uses air pressure and water to draw smoke. I am a little bit closer to becoming an adult. I am coming to on my friend floor covered in raisins that had been in the pastry that I had eaten the day before. My first time drunk and stoned. It appears I have vomited in my sleep, raisins are on my bed, on my face, on the carpet and on the walls. His mother is understanding and helps me clear it up. I am unsure what happened last night, but I can sense it is significant. Over the next few years I experiment where and when I can."
70.jpg,"First found on the image library Fineartamerica.com, the image is titled Defibrillator Paddles Shock The Heart by Doncaster And Bassetlaw uploaded on 25th September, 2018. The image appears with the caption, paddles of a defibrillator producing an electric discharge on an image of the heart. Defibrillators were first demonstrated in 1899 by Jean-Louis Prévost and Frédéric Batelli, two physiologists from University of Geneva, Switzerland. They discovered that small electrical shocks could induce ventricular fibrillation in dogs, and that larger charges would reverse the condition. Each year 1,700 lives are saved in the United States by defibrillators applied when a person enters a state of cardiac arrest, the sudden loss of blood flowing resulting from the failure of the heart to pump effectively. In the book Addiction by Design in that there is a bit where the author describes cctv footage of a heart attack at a slot machine, in which the person suffering from the heart attack is ignored by the players around them so entranced in a zone state they are unaware or unwilling to engage in the urgent situation unfolding around them. The zone is a blanket, something to wrap yourself in. Unlike sleep the trance like state of the scroll hole is not restorative and is highly addictive. It is a danger and a menace something to protect yourself against. Set yourself free with Freedom, an app I have installed to prohibit myself from accessing key sites."
71.jpg,"First found on 22nd December, 2016 on pixbay.com but later appears on many stock image services. The image is tagged with the words Exam, live, analysis, artery, attack, beat, cardiogram, cardiograph, cardiology, chart, clinic and curve. Through this image we can perhaps imagine a life being saved, someone who for a moment is dead only to come back to life again, either with the aid of external intervention or through the efforts of their own body. My grand aunty has a stroke, we are talking, she becomes distracted then stops and collapses. It happens in a matter of moments. Since then several members of my family in that generation have had strokes, the sudden and irreversible bleeding into the brain. None have made a full recovery, many have been bed ridden. My Grandfathers brain is active and alive, it his body that failed him. In another the fast paced conversation of health is replaced by a slow confusion, his normal synaptic routes unavailable to him, he is forced to find alternative path ways that can come off peculiar, at times I can identify a reasoning at other times not. Slowly the person you know becomes harder and harder to to identify in what becomes a room filled with indecipherable messages. I am scared for him, I hope there are moments of peace in there, I hope this persistence is worth it. Image from the poster image for The Young Frankenstein starring Gene Wilder with the catchphrase “its alive”. The Young Frankenstein was released in 1974 directed by Mel Brooks and starring Gene Wilder who features in this image. The film is a comedic retelling of the Frankenstien story in which a doctor reanimates a dead body, using part of his own brain to give the being intellect. The expectation of strength is in itself a barrier to vulnerability. When I was 29 when I beat my father at an arm wrestle, in retrospect it feels like a mistake to have challenged him. After I sensed I had injured his ego in some way, that the generational shift in strength was a moment of disruption and he was taking a moment to deal with it. To carry, to lift, to provide are the basic expectations of fatherhood. It took a failed business before he unwound a little, before we could hug and say I love you. Doctor Frankenstein, 2011 Oil on canvas by Jeff Porter, posted that year on www.jeffporterart.com. On his website it reads “Jeff Porter is a freelance Illustrator from the Midwestern United States. He grew up in Kansas City, Missouri, and very early in life realized the passion he had for creating art. He graduated from Raytown South High School, and then joined the United States Marine Corps for a four-year tour of service as an artillery cannoneer. After the service, Jeff started attending art classes at Longview Community College and later the University of Central Missouri, graduating in 2009 with a degree in Commercial Illustration... He now spends his time staying busy working on projects and learning as much as he can about the field of art and illustration.?” In regards to this specific image he says “This is a depiction of Dr. Frankenstein's lab that I did recently, I enjoyed going back to a black and white format for a change. I got my fellow illustrator Mike Blake to play the doctor, my cousin Jason was the monster and I think I played a good Igor.” . The image has subsequently been used in various contexts online in its original and edited form, including as the basis for the album cover Franken Shup by Nick Travae and Angelo Bombay. At the age of 19 he was conscripted and served during a year in which there were three coupes. His past comes to us in the way of anecdotes, These are often fun or adventurous. It has taken me many years to realise that what was being described were often violent and traumatic events in which he was forced to aggressively assert himself in a hostile environment. You internet your parents desires. They both wanted to be artists, his work consisted of fragmented bodies cut from newspapers and transferred onto watercolour paper with acid. The figures are often grotesque, red and sexual, he stopped this artistic output shortly after marrying my mother, moving to the UK and assuming the responsibilities of fatherhood. This is an artwork based on a promotional portrait for the 1931 film Frankenstein by director James Whale starring Boris Karloff. The original source is unavailable although it began to appear on various blogs around 2011. The russian sounding lead actor Boris Karloff real name was really William Henry Pratt, Pratt became famous for starring in early horror films and was one of only a handful of actors who managed to transition from silent to talking films. Once cast a recast can often feel impossible. It is easy to get type cast amongst a group of friends, every group needs the right cast of characters if it is to be successful. Once the role is established it hard not to play into, you are becoming more and more then thing you have been told you are.It is hard to redefine yourself this role has been decided, often it requires a change of scene to get anywhere near to it. Stars are not picked for their capacity to assume other identities, instead they are chosen for a sense of known familiarity. It is people who play side roles, character actors and bit parts that have the most chance for renewal."
72.jpg,"First found on the 27th October, 2014 this image by Rikki Pool Photography and is featured in an article by Nick Lavars titled Melbourne Lightning Storm. The article goes into the severity of the storm that led to power outages across the city, the heaviest rainfall in over a year, flash flooding, planes being grounded and the train network being thrown into chaos. The article ends “While most stayed within the comfort of their beds during the chaos through the night, some sprung into action to capture the spectacular light show in all its glory.” Thunderstorms are best experienced from the comfort of your own bed, lightening can have the effect of softening a pillowcase. The great storm of 1987, I am four. I do not remember the storm. I remember driving through the destruction the day after. The drive is unfamiliar, entire woods have been flattened, their trunks split, or roots exposed. Mordor comes to mind. I get back to the warehouse I live in and there are two inches of water, I slowly scoop it out using a dustpan. In Lord of the Rings they face an evil force, defeating armies and dark wizards. It is harder to oppose forces that are less clearly defined, diffused or worse internal. lovepik.com image-500664791/headaches-and-lightning.html -"
73.jpeg,"First found on 1st December, 2020 on lovepik.com the image is called Headaches and Lightning with the tags anxiety, dark clouds, head, headache, health, illness, lifestyle and lightning amongst others. The image has been used in several articles including one on healerytipul.co.il a website dedicated to health. Under the image it reads “Headache are the leading cause of functional impairment, impairs the quality of life and causes ongoing suffering of the patient and his associates. In the guide, we will present you with a variety of possible solutions.” the article then goes on to talk about healthy lifestyle, effects of sleep, alternative medicines and the effects of nutrition. In hypnotherapy to overcome a phobia or difficulty you are asked to go back to a moment where a simple task felt hard like tying a shoelace, you are asked then to transpose the feeling of conquering the task onto the thing the disruptive item, forcing perspective that previously felt impossible. I find each period is defined by a set of ongoing conversations that phase in and out over each other. It is a project, a new job, an election or war. One such phase is my mothers migraines, which are a constant source of pain and discomfort for her. Pain, dizzy spells, medication, hormones, side effects and the tweaking of the diet. I become knowledgeable in these things and track them with her. The headaches later are replaced by other concerns, a failing business, exams and a decision to live elsewhere. It is odd to look back at subjects that defined a moment, once encompassing these things can seem small now. www.shutterstock.com pic-243654844/stock-photo-young-woman-suffering-from-headache.html -"
74.jpg,"First found on 19th January, 2015 on shutterstock titled Young Woman Suffering from Headache with the description ‘closeup sad young woman with worried stressed face expression while a tangle of black lines and question marks emanate from her head. The tags connected to this image include obsessive compulsive, adhd, anxiety disorders. It also is linked to several articles including one that looks at the gendered response to anxiety and specifically at a research paper that makes the claim that women under 35 from western europe and north america are more likely to suffer from high anxiety. Although little information is given as to the validity of these assertions were reached with no reference to an academic paper. Problems sleeping, in my longest stretch I don’t sleep for over 84 hours, I can feel its effect on my capacity to think. An adverse reaction to sleeping pills causes me to sink into the ground like the scene from Trainspotting when he ODs. I am told by the doctor it is simply stress, that I may be feeling fine but my body is being flooded with adrenaline. What is causing the flooding we are unsure. The insomnia departs not with drugs but a relationship. We go out, she becomes my second girlfriend, she is relaxed about her body in a way the first wasn’t. She relaxes me. I worry I have used a person to cure something I was responsible for."
75.jpg,"First found on 30th December, 2015 the image is titled Old School Instrumental Back in the Days. The image is used in an article titled Differences and similarities between animals and humans: internal organs, appearance, communication and relationships. Which talks about humans evolutionary past, going into some detail about the development of the brain and how growth in certain regions has facilitated abstract thought and how this differentiates us from apes and monkeys. I didn’t get on with the dogs grown-up, I resent the responsibility and the hair. Okja is a film about an intelligent genetically engineer sentient pig with a lot of character. I eat muscles and oysters, which i’m told don’t have nervous systems. Make kin not babies. Donna Haraway talks about kin being a label thats crosses species. My mother got angry when my father said I love you to the dog, he does not say it to her. I think I love the dog, although I do not know 100% what that means yet. I can sense we both become more relaxed during eye contact. My role is a protector, playmate, companion. In truth the dog is hers, I think I may need to get one of my own soon. Other article Also other Although the first recorded instance of this image is on 5th Jan, 2010 it most probably redates it considering the resolution of the image. The image depicts a man contemplating a jigsaw puzzle piece that seemingly fits into this head. It is unclear if he has taken the piece out to contemplate it or if he has at long last found this piece in the external world, and is contemplating it before ‘completing himself’. In both interpretations there is a sense within the image that the subject is reflecting on an aspect of themselves, contemplating a feature of their own personality, biology or physonomy. The three of us has formed a Laconian reading group during lockdown, we try to makes sense of his texts and occasionally speak about our own lives in relationship to it. Therapy think, the desire to psychoanalyse everything, this has the potential to bore friends and frustrate friends and potential partners. An attempt to make sense of everything preventing you from being present in the now. The now an inescapable space that is not what it seems. The now seems different for everyone, as in it’s a matter of perception. As in I am trapped editing this book, I am unsure of its worth, or of its readability, although it is too late now I know I must bring it to completion for better or worse."
76.jpg,"This image is available from Shutterstock and dates from the 10th June, 2013 is titled Hand Holding Puzzle Pieces by Shebeko, a photographer from Belrus whose bio reads “On the road from nowhere to nowhere”. It is used in various articles including one that talks about the The Zeigarnik effect, the subconscious work your mind is doing to solve problems it is consciously no longer aware of. “What we started but did not finish occupies our mind at the subconscious level and drains our energy and does not allow us to concentrate on existing tasks.”. The article suggests that you should audit your mind, concentrate on completing any task you have delayed or put to the back of your mind in an effort to free yourself and “release your bound up energy” It is not houses that are haunted it is people. The priests in the Exorcist is just a therapists releasing Regan’s repressed memories. In this interpretation a therapists job is to identify and coax out each of our demons, that unknown to us inhabit our psyche, causing mischief. In horror films ghosts are spirits trapped on earth unable to leave because of something is unresolved. So perhaps it is less of a matter of expulsion and more of a matter of working through, of making peace and diffusing a malignant energy."
77.jpg,"First found on the 11th July, 2017 on shutterstock this image is titled Unboxing by TrifonenkoIvan. Its description reads “Light bulbs fly out of a cardboard box. Symbol of creative innovation and business start-up. Power of electricity and technological discoveries.” This image is part of a group that uses light as a metaphor for innovation or ideas, the most famous of which being the light bulb as a visualisation of a new thought or idea. Although this box is perhaps more connected to pandora's box, something which is unknown, seems of great value and has the capacity to cause untold chaos. In Close Encounters of the Third Kind a group of people suddenly start producing sculptures and drawings that lead them to the location of an alien landing. A new idea can often feel like possession, that starts off as an “oh” and grows and spreads, eventually using you as a puppet. I want to do this film about sex dolls who meet in a self help group to discuss being objectified, they will be pupated against a green screen. Pupating is the art of breathing life into inanimate objects, as in “if this couch could tell stories”. There is a sense that more and more objects can tell stories as we embed their surfaces with more and more sensors. I am convinced that a fridge will be the key witness in a murder before too long."
78.jpeg,"This image is titled I'm out of the Box by Herry C copyrighted 2010-2021 and was originally posted on Deviantart. On the original post there is a lot of positive feedback, although Herry C has commented on various posts that he sees this as early work and he now questions the composition. The image itself perhaps represents his own creative journey, in which through practise he has been able to transcend the conventions of illustration. His comments then take on significance as at this early stage he is depicting a moment in the future where he is able to achieve a higher plane with his work, a plane his comments allude to him achieving. The first book I read was This Other Eden by Ben Elton, which portrays a future in people retreat into their own fortified bubbles after the effects of pollution have made the outside world unliveable. I think it is fair to say that people have already retreated into their bubbles. To deal with the anxiety caused by global warming I planned to start a commune in the Andes in which 200 close friends could retreat too. It became a question of what infrastructure, what system of governance, what culture to bring and what not to bring. The fantasy effectively elevated the anxiety caused by a very real problem, allowing me to get on with my day."
79.jpg,"This image by Yasumasa Morimura (born 1951, Osaka, Japan) and is titled A Requiem: Theater of Creativity / Self-Portrait as Yves Klein, 2010 a recreation of Yves Klien piece Leap into the Void, 1960 . The image is part of a body of work in which Morimura recreates and inserts himself in famous works of art. On his website it states that the gesture of inserting himself into historic images is an attempt to deal with “Japan's complex absorption of Western culture.” It is easy to be consumed by your influences. Zara is able to make versions of a runway show in a matter of weeks. Art schools are sponges, absorbing, it’s a matter of trickle down aesthetics, students feeding off the latest styles, attitudes and way of thinking. It’s in this way humans have a habit of versioning off. The film The Human Centipede. Chains of influence can be tracked, I suppose they call that art history. Originality is silly idea, my stance is simple, absorb, consume and gorge. Good artists should be like sponges. The point of mimicry is not reproduction but cross breeding and mutation. Something new will out. The unprocessed image of Yves Klein’s Leap into the Void, 1960, to complete the work he would later edit the bottom half of the image, removing the people and support he jumped into, ultimately making his gesture less about a real encounter with death and more about the act of manipulating an image. In seeing the process the meaning shifts, no longer a suicidal brush with ‘the void’; instead we bear witness to a cheeky, even mocking position in regards to the artist and the mythology that often builds up around them and their work. What you make and who are you are seemingly inseparable, this statement has become more true in resent years. I used to get actors to play me if images were required for press, some faces suit certain works better than others. Your data self, your public image your discreet self are of course all partly a lie. You, the person reading this are of course my other. This book an attempt to set a record straight, I promise I am not the thing that you think I am, that in fact I am someone completely different, more alike than you first thought. Cliff Diver by Lasse Designen a German photographer and graphic designer. On his website he states “Hi, i am a 32 year old photographer based in Bremen, Germany. Hope you like my work!”. The image was shot in 2014 and shows a Man diving into the sea. On close inspection the viewer is left with a series of questions about the veracity of this image. Are we seeing the documentation of an event, a performative action or a construction, made of several images stitched together. Lasse Designen has become known for his atmospheric hyper constructed images, using both pre and post production to get often fantastical stylised results that imbue even normal scenes with a sense of drama. Fomo, fear of missing out was tattooed on Zac Efron's finger. I rarely feel that sensation, a little too content to stay at home, to forgo the disruption to my routine. I am thankful she insisted on leaving the city, on driving out to the coast and spending several nights together. A bubble within a bubble. It my cabin fantasy returning again, we have lit a fire, we have cooked, we walk along the coast, despite being in a town there is no one here except for us."
80.jpg,"Titled Exploring Any Possibilities the author is unknown but is available on various stock image websites. It is also included in various articles on an array of subjects, including one on lucid dreaming that claims you can use it to “go berserk exploring every corner of your imagination”. The image itself is used to illustrate a paragraph on flying in your dreams, which suggests if you have a near miss experience with an object or other obstacle whilst flying it may point to a real world obstacle that is frustrating your subconscious and which should be addressed. Superman can control time, moving forwards or back depending on which way he flies around the world. In Funny Games they reverse time using a remote, so as to play things out differently, more to their advantage. In gestalt therapy you go back and comfort your younger self, communicating to them the things they were unable to realise at the time. Nietzsche’s eternal repercussion is the idea time repeats itself infinitum, giving even the smallest of actions weight. There are times that feel disproportionally weighty. It is our anniversary, we are laying in bed after sex, the sex has revealed we’ve become disconnected, although this will not be a conscious thought for another few weeks. Within a month it is over."
81.jpg,"This image is a still taken from the opening credits of Adventures of Superman TV show, someone exclaims “Look! Up in the sky! It's Superman flying” in wonder at seeing superman. This particular Superman tv program ran from 1952-58 and starred George Reeves, the first actor to play a non animated version of the character. The story of superman tells the story of Clark Kent who works as a reporter at the daily planet whilst also acting as a vigilante through his alter ego Superman. Himself an alien Superman is endowed with various super powers including being able to fly the speed of a bullet and unthinkable strength. However his one weakness is a substance called cryptonight, exposure to which renders him without his powers and ultimately vulnerable. Its a complicated relationship. I have an adverse reaction to the tapioca balls in boba tea, they make me feel nauseous. The problem is I love their taste and texture. At times I will accept the sensation of sickness as a reasonable price to pay. Desire pools around scarcity and prohibition. At school most students were attracted to the same three girls, as a teen I would sometimes feel repulsed after sex, when I smoked have begun the next cigarette before finishing the last, the feedback loop between desire and possession eating itself."
82.jpg,"A still from a video Flying like a bird | part 14/14 posted on to youtube on the 20th March, 2012 by wings.jarnosmeets80, the video has 8,355,748 views. The series of 14 videos tells the story of the invention of a pair of wings that allow their users to fly twenty or thirty meters in the sky. The narrative formed is an uplifting story of the research and development of the wings, the music can be described as feel good and inspiring, the reactions of the inventors are often emotional, with the person who flew crying with happiness whilst being interviewed. Shortly after its posting the story was taken up by various news sources although later the makers of the film would admit it was a hoax. My uncle takes me up in a two engine plane when I was 14, he handed me the joystick, I am in control when we softly drift for those several minutes. The 9/11 plane hijackers got their licenses in California. I researched pilots licenses in Los Angeles, the process is very reasonably priced. Harrison Ford crashed his plane in a golf course in LA and luckily survived the crash. I am attracted to Harrison Ford and the characters he plays, often less ideologically pure, more playful than others. His ship in Star Wars is the Millennium Falcon which has the data of a rebellious robot uploaded into its mainframe. Celebrity and historic artefacts value is somehow contained in their proximity to the person or event, as if they hold or carry a charge."
83.jpg,"This is a still taken from the Film Brazil by Terry Gilliam a story of a bureaucratic dystopian future where an office clerk becomes an enemy of the state after becoming embroiled in a set of circumstances that tie him to a terrorist organisation. The still image is specifically from his dream sequence in which he imagines himself as an armour-clad angel fighting a virtuous war against an imagined sinister monster. In the dream he also finds and chases a woman he is attracted to, he later meets the woman from his dreams in real life. The end sequence of the film consists of him being tortured by a close friend who works for the government, during the torcher he retreats fully into his fantasy world, imagining himself escaping the horrors of his present, being rescued by a team of unregistered plumbers before finding his way to an isolated hamlet in the countryside with the aforementioned women of his dreams. The list of videos included Ghostbusters, Mall Rats, Aliens, The Terminator and Brazil. I would watch each of these films many, many times. You are what you eat. In Brazil at the prospect of torture he retreats fully into his mind, creating an alternative happy ending in which he manages to escape to a pastoral fantasy. His log cabin. I have been accused by friends and ex partners several times of retreating into fantasy, as if it were a backdoor, or escape hatch. Escape hatches are made by people who expect the need for an escape hatch. I once proposed a work that buried post apocalyptic food supplies in the countryside, the collector of which receiving nothing but a set of coordinates."
84.jpg,"First found on this work is titled Dark Messanger by Pyrogas-Artworks and was uploaded on to deviantart.com on 28th July, 2012. It has over 8000 Favourites, 762 Comments and 101,000 Views. As a description it says “The Dark Messenger fades away, spreading its mark through the air, leaving only sorrow and regrets behind”. The image search dark messenger brings up both dark angels, and mythical characters with either crows or ravens. The allusion being to these birds are harbingers of death in some way, perhaps doing the bidding of some dark higher power. Moriati fell to his Moriarty fell over the edge of a waterfall with Sherlock, the fall killed them both. My first experience of death was the family dog Moriarty, a large Irish wolfhound that died after being fed rotten meat. In the film Johnny 5 the robot kills a grasshopper and finds it hard to come to the terms with the idea that it cannot be reassembled, that their life had come to a definitive and permanent end. I cried on hearing about the dog's death but cheer up when I am allowed to watch Nuns on the Run, a film starring Eric Idle and Robbie Coltrane."
85.jpg,"First found on 7th February, 2008 titled Smoke effect overlay,black smoke no background PNG image with transparent background PNG By EIC Agency, LLC. The image depicts a puff of black smoke hanging in the air although it is likely the image has been inverted, the white smoke made black. The image is tagged with the words smoke, vector, air, fire, cigarette, colours croak, ill, background, texture, mist, gas and space. link A doctor informed me the loss of smell was purely psychological, that I was receiving the signals but they were being blocked on a psychological level. It is only certain smells I refuse to process, luckily the the bad ones; fibreglass, rot, dogs, the bird shit in our corridor. The family would accuse her at times of having a selective memory, seeing the positive and blocking the bad. It seems we are both blocking the bad. Repressing the act of shaping reality through denial, as in ‘it never happened’ or ‘I dont know what you are talking about’."
86.jpg,"First found on 23rd November, 2013, the license for this image is owned by DMCA and is available on shutterstock.com. Tags for this image include Smoke, smoke, smoke cloud, smoke, elements, png and free download. The image depicts a large ploom of smoke that has been either computer generated or removed from an original image. The smoke is dark implying the possible burning of man made material such as tires, vehicles or plastics. As a general rule, the darker the smoke, the more volatile the fire is. Grey smoke can indicate that the fire is slowing down and running out of materials to burn. You cannot destroy matter, at best you can change its state. I used to burn things. On several occasions a fire lit with friends got out of hand. “Destruction is a form of creation” is a quote from Graham Green which is used in the film Donnie Darko to talk about how some acts can generate a reordering of reality. Something that at first appears as incredibly destructive turns out to have its benefits. As in he met her after the breakdown or ‘being fired was the best thing that ever happened to me’. Saying that some acts are just plain old destructive whatever way you look at it."
87.jpg,"First found on 15th September, 2010 by Joel Sartore, In this image Smoke rises from surface oil being burned by cleanup crews near the Deepwater Horizon blowout. The well spewed nearly five million barrels, making it the world's largest accidental marine oil spill. After several failed efforts to contain the flow, the well was declared sealed on 19th September, 2010. Reports in early 2012 indicated that the well site was still leaking. The Deepwater Horizon oil spill is regarded as one of the largest environmental disasters in American history. Greta Thunberg is right. Captain Planet promised to take pollution down to zero, he would protect and defend the environment from those who wanted to cause it harm, helped by a group of teenagers who were a little older than me when it aired. Each new generation is a metaphor for hope and the future until they reach an age at which they too seem implicated. I am willing to accept inherent sin as a concept on one level, as in we join a chain stretching back, once conscious we are trapped, unable to uncouple ourselves from what came before. www.irak.pl An image showing oil during the first gulf war in 1990. The first remaining instance of the image online is from April 13th 2008 included in an article about use of napalm during the war by american forces. In the same article it makes a claim that the American government used devices of mind control on Iraqs to implant negative or hopeless emotional states. It is an odd idea that a military bombing and killing a population would need a device to further escalate a sense of negativity. In this way the article might be said to be cloaking the very real effects of war in a fantasy that is perhaps easier to process, a level of fiction that hides or obscures the real effects and trauma of armed conflict. I am eight years old during the first gold war, at that age I am attracted to the sensation of nationalism, I am proud of British tanks. I am thrilled at the bombs eye view hitting its target. The war appears far away, distant enough to be alien, as in a movie or some other make believe. I am unable to connect what I am watching to suffering, the dimension of physical and mental pain is unrendered in these images. On the contrary the effect is the opposite, I am comforted, given a sense of security to belong to a team that is so capable of destroying buildings and people in distant countries. The IRA bombs feel different, my child brain less able to make sense of the people involved and their motives. These bombs I sense are meant for me, they make me sit upright at the report of the bomb in the van outside the shopping centre. I would like them to stop."
88.png,"This image is titled Sam Dunes Desert by Atharva Dixit depicting a camel at sunset in Jaisalmer, India also known as ""The Golden city"". The photo was taken on a Canon EOS Rebel, using a Sigma 50-200mm lens. The image is posted on Atharva Dixit’s website and includes the tags camel, camel like mammal, sky, arabian, camel silhouette, sunset, landscape, sunrise. Dixit is an Engineer and enthusiast photographer mainly documenting Landscape, HDR (High-dynamic-range imaging) and Wildlife. His interests include Astronomy. I dislike the impulse towards nostalgia. The word hipster comes to mind. Despite this I have recently started shooting photos on 35mm. My first impulse was self judgment, as if film was inherently dishonest, that to revert back to an old technology was somehow giving up on the present. A friend hold me hipster doesn’t mean what it use to, I am relieved. A few nights ago a friend drunkenly admitted self loathing was his go to schema, he said because of his race, and gender and age he should commit suicide. I disagreed and said the problem wasn’t him, it was his schema. https://en.wikipedia.org/wiki/Joe_Camel Joe Camel (officially Old Joe) was the advertising mascot for Camel cigarettes from late 1987 to 12th July, 1997 appearing in magazine advertisements, billboards, and other print media. During the first three years of Joe Camel advertisements, Camel's share of the under-18 cigarette market jumped from 0.5% to 32.8%, representing a $470 million increase in annual sales for RJR Nabisco. In 1994 more than 90% of six-year-olds matched Joe Camel with a picture of a cigarette, making him as well-known as Mickey Mouse. I crush the small menthol ball in my mouth with my teeth, releasing a fresh minty taste. My car is a mint green 90s convertible I bought from a mechanic who had someone dump it on him after they couldn't afford their bill. Listening to Elton John full volume while going to In N Out burger, each cup has a blessing in the form of the number of a psalms marked in small print on their base. I have only a couple of times prayed for something, a few words said under my breath, wanting to fervently deny the facts of a situation. All this despite being an atheist I negotiate, if this doesn’t happen I promise to… or if they avoid that fate I’m willing to… after when things have all worked out I do not keep these promises to the none existent god in my head. Joe Chemo was developed as an antismoking character by Scott Plous, a Wesleyan University psychology professor, after his father nearly died from smoking. The idea was to present a more honest image of smoking than the Joe Camel character used by the R J Reynolds Tobacco Company. The first image of Joe Chemo ran in the Winter, 1996 issue of Adbusters magazine. On 28th May, 1997, the U.S. Federal Trade Commission charged that the Joe Camel advertising campaign violated federal fair trade practice laws by promoting a lethal and addictive product to children and adolescents under the age of 18 Probably lung cancer it has a very small survival rate around 12%. I smoked 20 a day for fifteen years and I've worked with fibreglass on and off with varying degrees of concern for health and safety. Vegetarians do better against cancer, Vegans even better, intermittent fasting is a great way to not only lose weight but force the body to consume old or potentially hazardous cells. I am unsure of the specifics but I read it has considerably increased life expectancy in mice by up to 80%. I often find myself committing to a course based on only anecdotal or circumstantial evidence. Nails that curve inwards can be a sign of lung cancer. Although a search for the source of this image points to a Romanian language article from 11th June 2014 titled The main causes of death in the last CENTURY. What kills people TODAY The bad quality of the image on that site suggests it predates the article. It is unclear who took the image and who the image represents or what they are suffering from; although it has obviously caused severe weight loss and has forced the patient to require aid breathing with use of an oxygen tank. I am attracted to a boy in a friends band, several nights I lay in bed with hot sweats feeling nauseous at the idea I might be gay. My second cousin appeared several times on British daytime TV as Johanna Lumley. He is HIV positive and has been since the 90s. He was treated badly growing up. He was bullied by members of the family from a young age. When diagnosed the family for the most part turned their back on him, he was invited less to things. It’s not okay to be too effeminate, there are caveats to acceptance. I am thankful to my sisters for coming out, in the labour of it they have softened the walls of things."
89.jpg,"First found on 8th June, 2019 by joel bubble ben on Shutterstock and is titled Holding grandmother's hand in the nursing care. Showing all love, empathy, helping and encouragement : healthcare in end of life care and palliative care in hospital concept. Joel Bubble Ben’s bio says Hello,Welcome to my portfolio I' m a little doctor who works in a big hospital based in Thailand. Joel Bubble Ben appears to be a doctor who also works as a stock image photographer raising the question how he combines these working practices, at what point does a patient become a photographic subject and to what degree are his patients aware of this multidisciplinary role. In the film Ivans XTC a hedonistic Hollywood agent dies half forgotten on his own in hospital. I regret not coming back for my grandfathers funeral, I cannot justify the expense. I am thankful my parents were with him in his last moments, I would like someone to be there in mine. There are good deaths and bad deaths. I am proud of my uncle who faced death and elected on an assisted death after the diagnosis. In his last months I was able to communicate my love for him in a way I’d previously been unable to. They go for the weekend to Switzerland, the building is on an industrial estate on the outskirts. He is present, he is being held in these last moments when he drinks the liquid that will finally kill him."
90.jpg,"First found on the 15th December, 2013 by Ruslan Huzau a photographer from Belarus the image is titled Concept shoot of friendship and love of man and woman two hands over nature. Ruslan Huzau runs a photographic practise in Gomel, Belarus that caters to both commercial photography and family and personal portraiture. The portfolio is truly diverse ranging from family photos to an image of a queen inside a human sized golden cage to the recreation of the soviets victory over the Nazis. Although his stock image work mainly focuses on young families a large percentage is also dedicated to older people, showing them engaged in a wide variety of leisurely pursuits and activities. https://aletia.by/ During covid my parents started going on more walks. After Covid I am still finding it hard to visit them. I am unsure if it's just a general inability to break my routine or somehow tied up to my relationship with them. As in an un-vocalised pressure keeping us apart. I often use things, objects or activities to get closer to people, in therapy this is called a transitional object. I have started a Spanish Whatsapp group with my family, I play board games with my little sister, I help to look after the dog. Of course the transitional object is not just a connector, it also a convenient barrier, something to hide behind, the phrase is ‘I can only take so much’ or ‘don’t come any closer’. Upload date on the 22nd May, 2015 by Vakidzasi this image was first used Livingly.com a media company that says of itself on its about page, “LIVINGLY HELPS SMART, INDEPENDENT WOMEN LIVE THEIR LIVES BEAUTIFULLY. Living beautifully means being true to yourself, building your career, and nurturing your body — all while enjoying guilty pleasures, having fun, and feeling confident.” In reality Livingly offers a host of click bait articles including one this image is taken from, the title of which is What Happens When You Fall for Someone's Potentia an article with the sub heading - The stages of living in that no-man's-land between reality and romantic idealism. The article consists of the dangers of being overly romantic and consists of advice for curbing that impulse. I have created a Frankenstein like monster made out of parts of my past relationships. Limps, curves and attitudes have been sown together to make what at times can feel monster like. The monster once created follows, it is a template I unwittingly hold up against potential partners. The creature in Frankenstein kills himself only after his creators death. I want to free myself as soon as possible. If you want to clear your mind a good bit of advice is to write a list, externalising something you would otherwise attempt to suspend mentally. It is exhausting to suspend things mentally."
91.jpg,"Titled Asian happy girl holding man's hand and leading her couple on lawn this image first appears on Shutterstock on the 14th June, 2018 and is by Akaranan a photographer based in Thailand. The tag for this image include girlfriend hand, adult beautiful boyfriend couple, cute day, female, fun girl, happy, holding, lifestyle, looking, love, male, man, outdoor, park, people, summer, together, woman and young. His photography covers mainly romantic and business based subjects, although obviously proficient with a camera Akaranan is at the beginning of his career as a stock photographer with relatively few images to his name. Royalty-free stock photo ID: 1107834008 I am guilty. I am being accused of walking too fast, of going off ahead as if to escape, although I never meant it that way. I am being accused of eating too fast, of finishing the meal before they have started, as if the food will shortly be taken away. My whole family eats too fast, but I am fastest of them. I must complete the task at hand, only after might I relax. The person opposite speaks up again, i have made them anxious, ‘it’s impossible to enjoy my food when you eat like that’. I agree, I am sorry, I try to slow but to little effect. Instead I have learnt to leave a portion on my plate to camouflage my behaviour."
92.jpg,"First found on 16th May, 2016 as the title of a blog post on imgur.com, The post is titled Dear Wife, Hold my hand, not Hold my head!! And features a collection of four images in which a man is being dragged by a woman either by his hair or by his nostrils. The post has 15,000+ up votes and has spread to various meme websites. The image is a parody of the POV format in which a young girl reaches back to her partner, often leading them around romantic locations. The image itself is a play on the motif of the henpecked husband, someone who is browbeaten and bullied by their wife and never dares to contradict them. It is hard to use the metaphor of astral bodies effectively, but something about being held in another's gravitational pull only to be flung away by the same force. It seems impossible not to define yourself against the other person, as in, they are the impulsive one, I am the sensible one or they are the clean one I am the messy one. At the beginning the gap was small and easily bridged. As time went on the gap seemed to increase, something harder to cross. She is the clean responsible one, I am the reckless messy one, we have a problem. Sometimes I find myself still trying to prove a point in the same argument despite not having seen her in years."
93.jpg,"This is a still image from the film Hausu released in 1977 by Nobuhiko Ôbayashi. The story tells of a schoolgirl and six of her classmates who travel to her estranged aunt for a holiday, on arrival the group are confronted with a house that might be said to be haunted by the aunty and her traumas. Over the course of the film each girl is consumed by the house, who are unable to counter its attacks. To develop the film Ôbayashi enlisted his young daughter Chigumi to develop the concept, and many of the sequences feel like a teenage TV show with music jingles, kung fu sequences and fast paced editing. Although Hausu can be read as a light surrealist horror film, under the surface it is also a reflection on how the trauma of the war reverberated through subsequent generations. Certain events have the capacity to ripple in time, colouring reality as they go. Tinted lenses can either make reality darker or more rosey depending on which ones you choose. Images shown to people who have experienced a violent traumatic event will often interpret even the most neutral of images as a threat, it is not a man walking down the road, it is someone coming for them with malicious intent. It is not an act of love but an act of manipulation, it will rain tomorrow and the dangers of 5G are real. I am on the phone, a friend is explaining to me attachment theory, she says that being in a relationship with someone who is secure has a securing effect, rubbing off over a long period of time. Text about film: http://notcoming.com/reviews/hausu/"
94.jpg,"This image is taken from an advertisement campaign to promote Honda’s Clarity Fuel Cell in January of 2017. The Clarity fuel cell runs off hydrogen in a process that creates energy and water as a by-product. The advert features a children’s choir singing a choral version of the Fleetwood Mac song “Don’t Stop (Thinking About Tomorrow)” with high and clear voices. The advert came under considerable criticism on its release for not focusing on the benefits of the technology and not answering important questions concerning the infrastructure necessary to support such vehicles. One article asked “Are they intentionally sabotaging the cells and just focusing on marketing for the ""halo"" effect of offering green products?” The ad was aired regionally in California beginning on February 26th alongside the Academy Awards. It's on my trousers, a stain with a milky halo; halo as in the crown of an angel, a sexless being that is watching over us, that can hear our thoughts. It is unclear to me if angels are influencing our reality or just passive observers. In the film Wings of Desire they seem to be mostly watching us as embodied entertainment, a reality TV show without the TV. Some people used to call the TV an idiot box. He is the boy, the child who watches T.V all the time and doesn't socialise. One angel gives up their immortality so as to participate in the world. I get the sense that after this book I will resocialise finally, begin a process of reintegration that is impossible at the moment. _BvdxdmWn9M.jpg"
95.jpg,"First found on 3rd May, 2014 on imgur.com a page titled Creative Children Photo Manipulations By John WIhelm. The page mainly depicts two children and a mother put into often humorous and fantastical scenarios. In one two small girls are working the furnace of a steam engine, in another they are blowing up a pregnant belly with a cycle pump, in another one girl like a beaver is eating the base of a tree. Mr Wlhelm describes himself as a “photoholic."" and on his webpage he goes into some detail of his journey into photography, first being introduced to it by a father who ran a local photography club. In February of 2011 he decided to embrace Photoshop and 3D software. Backing up photos to clear space creates time capsules. The objectivity of photos can be jarring. Someone is talking about an event that we were both at, I remember the event but not the person. Stalin removed the disappeared from images, as if to kill them in the present wasn’t enough, their existence needed to be scrubbed from the past as well. The film Eternal Sunshine of the Spotless Mind. The art work by Garrett Pruter where he removes all the overt horror from the film Halloween leaving us with just the anxiety. A nervous look out of a window, an eerie sensation on the way home, the sense that there is someone out there looking in, but with no proof. His version seeming more accurate than the original, not having to rely on anything as basic as a murderer."
96.jpg,"First found on 11th July, 2014 on magazin.pluska.sk a slovak magazine, the article translates as Crazy trend: Kids go for adults. The article discusses the trend to dress your child up as an adult and then to publish these images on social media. Children's clothing as we know it are a relatively modern invention, in western europe childrens clothing often would mimic that of adults until the 20th century when there was a noticeable shift, with the development of age specific play clothing, designed to accommodate the lifestyle of children and young adolescents. A child will play to test their boundaries, seeing the acceptable limits of things, where things or people might break. In Lacan he talks about a parent being someone who can survive destruction, who despite being pushed, screamed at and tested somehow remains despite everything. It is true that of late I can be avoidant. On mushrooms I saw myself in that state, like an animal who will not be concolled and irrationally lashes out at anyone or anything in their proximity. I am trying to soothe this version of myself, to sit with them until the episode passes. And it is true, it took me a while to realise, but these moments are episodes and they do pass. David Byrne in Big Suit photograph by Deborah Feingold/Corbis via Getty Images, 1984. The concept for the Big Suit came from David Byrne himself. “…a friend made a kind of quip, while I was trying to think of what to do on this next tour, what to wear, and he said: ‘Well, you know what theater is – everything has to be bigger.’ And he didn’t mean the clothes had to be bigger, he meant that the gestures were larger, the music had to be more exaggerated. But I took it very literally and thought, ‘Oh, the clothes are bigger.’ The suit itself was designed by Gail Blacker, who described the suit as “more of an architectural project than a clothing project.” I once met David Byrne in a queue for the mens toilet. I liked his large body small head suit project, as in an item of clothing that embodies a way of thinking. I made a suit out of sponge, I think good artists should be sponge like, absorbing things, ideas, and forms as they go. I am suspicious of artists who execute pre-made plans without leaving space for process, I am suspicious of artists who endlessly repeat, as if they and their art were trapped in stasis. I am a fan of SpongeBob Squarepants, he is optimistically open to anything that might be thrown at him."
97.jpg,"Image of Jim Carrey Impersonating Steve Martin in 1992 by Maureen Donaldson and Michael Ochs available through Getty Images. During a photoshoot in Los Angeles Jim Carey did various impressions of celebrities such as Michael Landon, James Dean and Steve Martin. Carey’s style of comedy has been described as xxxxxxx. Carey himself came from a poor background in Toronto where he began his life as an entertainer in his teens. After slogging it for many years Carey eventually would be picked up by CBC a canadian TV channel to play Tony Maroni a struggling impressionist comic. From this he caught the attention of Rodney Dangerfield who helped him pursue a career in Hollywood. I saw Ace Ventura Pet Detective with a friend and his dad, the friends face had a slightly rubbery quality to it like Jim Carey. At school he was expert at using comedy as self defence, to use jokes as a form of deflection, as in to direct the energy away from his core. He is being sellotaped over the banister two stories up, during the whole ordeal he continuously smiles and laughs as if in defiance of his attackers. I learn a couple of trick from him, but never pull it off to the same extent."
98.jpg,"This image of Steven Martin the comedian was taken by Norman Seeff in 1977. Steve Martin at this point could be described as a rising talent, with several TV appearances to his name. In 1977 the same year this photo was taken he funded, wrote and stared in his own film, The the abscent minded Waiter, a riff off Harold Pinters play by the Dumb Waiter. In this he plays a quite literally a dumb waiter, someone who is whoely unable to perform his job but who is popular with customers because he would often mess up the change, giving customers larger sums than they had paid. He would later appear as a waiter in the Muppets the Movie in 1979. I work in a cafe serving steamed salmon to the elderly couples visiting the National Trust property near my house for £4 an hour. Later I wash dishes in a local hotel, then work the trolleys at Waitrose, then I’m hired by a turf company. The work is to stack the turf as it comes out the back of a small tractor. Quite soon it is clear I am not strong enough for the job. I do my best but I am moved to other tasks, like picking clumps of dead grass off the fields. I last a month before I am fired. My coworkers leave the field, a woman from the office drives to have the conversation with me. I understand, I have reached my edge, I am not strong enough. One of the guys drops me off home, we drink beers as he drives. Elvis wore his iconic white jumpsuit on stage at the International Hotel in Las Vegas in August 1969. He had been out of the public eye for nine years previous to his big Las Vegas comeback, where he would play an hour and fifteen minute set each night. Pacing the stage like a panther, crouching, lunging, leaping, doing karate kicks and punches Elvis would never be as lean or energised after this point. He gulped water and Gatorade and mopped his sweat with handkerchiefs tossed onstage by women in the audience. “He was like a wild man,” recalled Felton Jarvis, his RCA record producer. https://medium.com/elvis-thats-the-way-it-was/the-vicious-circle-of-violence-and-love-children-ea1481771e38 Drugs stories can be a little like dreams, more entertaining for the person telling them than the listener. I am with two friends and we are all winning at black jack as we come up on MDMA, collectively we take $500 in a few minutes. It is an electric feeling. I take the mushrooms, they take my money off me after I try to give it away to a croupier. They are tired from the night before and go to bed. I spend seven hours on the strip and it is magical. I call a friend back home and tell her my hands are old women’s hands. Later my penis melts into the urinal, it takes me one hour to order a beer, the carpet and wallpaper keep crashing over and into me like waves. I am living the cliche, reenacting the film and it feels good. At last I can feel it coming to an end, my body suddenly taken with exhaustion. I get a ride back to our room in a Cars themed taxi, I am exhausted but content. https://m.apkpure.com/the-kung-fu/com.andromo.dev687258.app708395 lotos_monino Wushu for children from 5 years old in Lotus! 💪"
99.jpg,"First found on 5th January, 2017 on topsy.one althought this link is no longer active. The image also appears on various martial art websites. The image depicts a young boy stooping down as if ready to respond to an opponent, it is likely that the blue satin uniform he is wearing signifies his belt colour, blue being the fifth of eight belts and signifies control. The student learns to master his body and mind. Blue is the color of calm, and symbolizes comprehension. I am six and I am yellow belt in Judo. My little sister cries because the instructor pretends to be thrown to the floor when she wrestled him. She is shocked at her own strength. I am 4 and my mother has taken me to ballet because it is easier to keep us all together. I am pretending to be a butterfly. Although I enjoy it, I also resent it at the same moment. I am a boy, and my mother dresses me like a girl. I am wearing blue tights for winter and I have long blond hair. The woman from the shop exclaims ‘what lovely daughters you have’. I try to explain to my mum that I don't want to be a girl, she laughs at me."
100.jpg,"First found on the 1st November, 2019 @ekaterina99_kat instagram account, Katerina Olhovskaya is a young Russian woman who has recently begun dancing. Her instagram starts off with images of her at school, in one series of photos we see Katerina Olhovskaya in a small Russian town receiving an award as she wears a sash. Around October 2017 her posts begin to change as she attends what looks like a dance school. We see images of her in the studio on her own and with other dancers. In September we see another radical shift, no longer simply using instagram to document her life, Katerina Olhovskaya is now using it as a means to advertise herself both as a dancer as well as a model. The images are professionally taken, some in a photographic studio. The medium is the message, or rather you are the message or you are the medium, in either case there is no escape. I do not post images of my body, although I want to, instead I mostly post images of what I produce. If you hide your body enough you lose it, it is easy for some, especially men to become primarily viewers, ghost like entities who haunt platforms liking, commenting and occasionally DMing. What I need is a mask. A suit that will give me form. I introduce an avatar of a fox into my art so I might have a body. I chronicle my comings and going, I render friends and a girlfriend in carbonic form, we have an adventure. Not everything in life is an adventure. It worked for a while, but I eventually stopped around the time the iPhone introduced their own fox avatar as part of their operating system."
101.jpg,"First found on 3rd Jul 2020 on https://vk.com/ a russian equivalent to Facebook on Guzel Khamidullina profile. In this album of images we see what is presumed to be Guzel Khamidullina dancing in a photography studio, with a mattress in the background. On the post is an attached soundtrack, Dean Lewis performing Waves, the lyrics of which include “There is a swelling storm, And I'm caught up in the middle of it all, And it takes control, Of the person that I thought I was…” Listening to the music we can imagine Guzel dancing, her body expressing this feeling of being caught in a storm. She received 6 likes for this image. Kazan https://vk.com/id59045165 To be swept up, as in ‘I can't think of anything else but’ and ‘is it too soon to message’ and ‘what are you doing after work’ and ‘I want you, I need you’. Limerence can also be defined as an involuntary state of intense romantic desire. On average limerence lasts 36 months. I feel love now, but I have a problem with certainty. We are discussing the problem, I am saying I wish it was external, something logistical, but its not, it’s far worse, it’s inside of me. I am not giving it a chance to be inside of her, we break up and get back together a couple more times until it is finally over. https://www.futoncompany.co.uk/mattresses/size/single/comfort-mattress-stripe.html"
102.jpg,"This image depicts Comfort, a single stirpped mattress by the London based Futon Company. As part of their online copy for the product they state “Catch some serious shut-eye with our Comfort Mattress – designed to deliver a deliriously peaceful sleep. You’re sure to sleep sound at night knowing Comfort’s affordable price tag means that comfort and value-for-money aren’t mutually exclusive. Comfort is constructed using two Cotton Rich outer layers, two layers of Thermofill, one layer of Fibresprung™ and a single layer of High Resilience Foam within a 100% cotton casing.”. The Futon Company is registered in England at Unit A2 Circular Point, Hickman Avenue, London E4 9JG Comfort, the desire to avoid pain. As a 7 in my enneagram it says I am defined by a desire to avoid discomfort and pain. Self-restraint typically comes less naturally for Sevens. Not only do they have a strong appetite for new tastes and experiences but as extraverted perceivers, they may lack the necessary self-awareness for knowing when and how to apply the brakes. Unfortunately, without some level of discernment and self-control, they can be prone to harm and addictions of all sorts. The description rings truthy."
103.jpeg,"This image documents My Bed, 1998 by Tracey Emin made of Box frame, mattress, linens, pillows and various objects, its dimensions variable. My Bed was famously part of the 1999 Turner Prize selection, causing controversy in the British tabloid press. The work itself was inspired after Emin had been bedridden following a bender during a bad break-up. When Emin finally left her sheets, she examined the mess she’d created. Crumpled tissues, period-stained clothing, cigarettes, empty vodka bottles, a pregnancy test, lubricant, and condoms surrounded her bed. She decided it was a work of art. Though Emin lost the prestigious Turner Prize to Steve McQueen, the work became a media sensation and launched her career. In my Genius session at the apple store the man wiped the thick crust that had accumulated on my keyboard. Without prompt he assures me that cleaning it like that is not a judgement on me but something that they do in every session. I was not convinced by this statement and regret not cleaning it before taking it in. At times I do not wash my sheets, I allow semen, dirt and other liquids to build up, for some reason unable to justify the act of cleaning for several weeks.I am in a hole. Late at night when I cant sleep I am watching videos of people cleaning carpets, sofas, patios and cars. I experience a profound sense of pleasure watching the layers of dirt give way, revealing a new seeming surface. I believe in restoration. Hikikomori_,_Hiasuki gazou01.blog6.fc2.com blog-date-20071208.html - https://archive.li/*.blog6.fc2.com"
104.jpg,"First found on the 3rd March, 2008 this image by account Ryo depicts a Japanese teenager known as a Hikikomori. The literal translation of Hikikomori means pulling inward, referring to someone who has withdrawn themselves from society, often living with their parents or on their own. As you can see from this image self care is often a low priority for Hikikomori, who like the word suggest have committed to a path of quite literally pulling into themselves, largely giving up on the normal routine of daily life in exchange for a life dedicated to small comforts and screen time. In recent years several charities have been set up to coax these men out of their rooms and to participate in the outside world. I cannot move my head, I will just watch another episode and I suppose everything else can wait. Pulling inwards is to give up on outwards. If you don't see anyone for a while their existence will fade. If I delete the apps so too will mine. I am unsure how I got here, but I'm here now so I might as well settle in. I wonder when i’ll get out, oh well best not to ask those questions, cozy time now, everything else can wait."
105.jpg,"This image titled 7 Days of Garbage Snow Art & Sean 75121 depicts a couple laid down in snow and garbage. The photograph is taken from a birds eye view and uses a large format p65+ camera. The artists stated “With 7 Days of Garbage, I call attention to the problem of waste by personalizing it. I asked family, friends, neighbors and other acquaintances to save their trash and recyclables for a week and then lie down and be photographed in it. I photographed my family because I want my 8-year-old son to understand that we’re contributing to the problem, too.” In these images Gregg Segal is attempting to make both an aesthetic and moral statement. Wanting someone to understand a feeling or experience is often more complicated than it sounds. I don’t like art that lectures, although I am fond of information in art. Good art is an experience, something that happens to you. The guy from the Youtube channel The Language Professor is talking about the levels of learning. He is explaining words learnt in isolation are low level, and that you must internalise a word to reach a higher level. At this point it is no longer a matter of thinking, but of doing. Something inside of you has changed. D-kopirajt-roma-mur-detskij-prazdnik-fotki-oforml"
106.jpg,"This image first appears on detiam.ru advertising the services for a children's entertainment company. Detiam offers a wide variety of children's entertainment, this includes birthday parties, graduation parties and quests. This image is used to advertise a service in which one might celebrate a new born baby brought home from a hospital. The features they offer include a specially designed car, a red carpet and confetti, decorations of balloons, fireworks, costumed characters, videography, sweets to order, a jazz band, a clown and a funny decor photoshoot. This party did not make me popular, my part in it forgotten or ignored. We sold tickets to the part for £1.50, which were small slips of photocopied paper. We need guardians present, I convince my parents to help, I do not remember what logic I used to convince them. Some kids came to the remote village hall, then many kids can to the remote village hall. My dads friend is drunk holding a girls head up as she vomits on the floor, there is blood on the broken glass, a syringe, the floor melts a little with each cigarette, more vomit, snogging, rave, we tour the building and consider shutting the fuses even though I don’t want to end it. There is nowhere to go, there is no way of ending it. This evening has taken on its own momentum, it cannot be stopped. This event deeply affected me in a ways that i would only be aware of years later. It was held over me for a long time, although I eventually managed to forget it ever happened. I managed to remember after I reproduced a similar scenario in my work. I am still attracted to this sort of emergent chaos."
107.jpeg,"This photo documents the United States women's win over the Netherlands in the Women's World Cup at Stade de Lyon, France on the 7th July, Sunday, 2019. This was the fourth World Cup win for the United States women's team. “It’s surreal,” said Rapinoe, who was named the tournament’s outstanding player. “I don’t know how to feel. It’s ridiculous.” During the game the pro-American crowd could be heard chanting “Equal Pay!”, calling to attention the pay difference between women and male national soccer teams. We started a reading group through the gallery on zoom with a friend which in truth is closer to a support group, it runs a little over a year. You are not born yet, it is unclear which body you will pass into. It could well be into someone surrounded by wealth, access and privilege but it is more likely to be into poverty and persecution. The thought experiment goes that all political decisions should be made from the perspective of the unborn child, who favours distributing resources as widely as possible so as to increase their chances. I identify as a socialist, although I also believe that political identities are part of the problem. Let me excuse myself now with a knowing statement that will allow me to say something sincere such as ‘I know it is a little hippy but…” or “I don’t mean to sound corny but..” I believe in supporting people is more important than political gestures. That the reason why there is so much violence is because people are not allowed to be whole in the first place. Statements at the cost of another person come at a cost. I tired of irony, I am okay with sincerity. I have no time for trolls on either side of the aisle. End rant."
108.jpg,"This image depicts the FIFA World Cup, often simply called the World Cup. The championship has been awarded every four years since the inaugural tournament in 1930, except in 1942 and 1946 when it was not held because of the Second World War. The current champion is France, which won its second title at the 2018 tournament in Russia. The current format involves a qualification phase, which takes place over the preceding three years, to determine which teams qualify for the tournament phase. In the tournament phase, 32 teams, including the automatically qualifying host nation, compete for the title at venues within the host nation over about a month. Footballers reach their peak in their 20s, by the time they are in their 30s they have often begun to decline as players. Diego Maradona declined after retirement, he smoked cigars, drank, did a lot of blow and ate badly, he died age 60 of a heart attack. In Buenos Aires his funeral had to be cut short when tens of thousands of people clashed with police at the president's palace. My grand aunt was a journalist who filmed Evita Peron’s funeral procession. As kids my father would screen the film, pointing to the glass coffin as if something magical was happening. From all accounts my grand aunt was a strong woman, a lesbian in Argentina in the 60s and 70s who refused to get married and worked a mans job. Artists each reach their peak at different ages, some early, some late, but you will eventually hit it. R420977_2000308 brainhack.de 2008/01/22/komm-in-mein-wlan/ - This image was posted on the 10th March, 2010 and depicts the ‘Normandy Nugget’ the world's second largest gold nugget, which is on display in Perth Mint. It was uncovered in a dry creek bed in Western Australia's goldfields in 1995 and weighs 25.5 kilograms. Its melt value alone makes it worth well over 1 million dollars. Valued as the rare and collectable specimen that it is, it would most likely bring several times that price if sold today. The Normandy Nugget is currently owned by the Newmont Mining Corporation. Over lockdown we meet occasionally to play Minecraft, a game in which you mine for resources to build and craft with. Once you get into it everything seems possible. I understand why many have dedicated thousands of hours to the game. Like the millennials we are we find a village to redevelop, gentrifying in a rustic modernist style. Once the black highrise castle is in place we experience a population explosion. It feels good to have someone to care for. We build fences to keep out monsters, we tend and harvest crops, I build a Mac store to the most special items. It is a beautiful dumb version of our own reality we have created. Since the end of lock down we have not returned to our world, but i think of it on occasion. https://sneakhype.com/art/2013/12/guy-casts-fire-ant-colony-molten-aluminum-video.html"
109.png,"Photograph of a cast ant colony in aluminum made in December 2013. Popular with ametur hobbiests ant colony casting involves pouring molten aluminum into an ant colony which itself acts as a mold. The process, while capturing the elaborate networked tunnels made by the ants, also has the effects of incinerating them at the same time. Most ant colonies consist of many thousands of ants, with larger colonies running into the tens of thousands. Until 2000, the largest known ant supercolony was on the Ishikari coast of Hokkaidō, Japan. The colony was estimated to contain 306 million worker ants and one million queen ants living in 45,000 nests interconnected by underground passages over an area of 2.7 km2 (670 acres). In Hiroshima and Nagasaki between 129,000–226,000 people were killed, if a nuclear device was dropped on London now roughly 5 million people would die. I have built a scale model of the NYC streets where the exhibition is going to be, it's about the size of a large table. In it the population of those streets is represented by cockroaches who spend the duration of the show inhabiting the model, filmed by a live webcam. At first it is meant to be a simulation of an existential scenario, each cockroach eventually dying of hunger or poison. Instead a small community develops around the live stream while the gallerist grows attached to the cockroaches, feeding them each day with fruit. A resident of the building discovers what is happening and complains. Eventually not willing to let them die the gallerist releases them into the New York sewer in the exact same location that the model depicts."
110.jpg,"First found on the 18th of November, 2013 on the profile of makerofnets.ca a portfolio website for illustrator Kara Sievewright. Although this link is no longer active, the image repeats on her still active Instagram. Sievewright describes herself as an artist & writer, comic creator, graphic designer, graphic recorder and Member of @graphichistory a collective of graphic designers. This collective describes itself as an activist arts collective that uses illustrations of radical history to change the world. The debate about politics being up or down the river from culture. He has a webcam attached to a museum that while intending to act as a site or resistance against the newly elected president Trump, also has the unintentional effect of acting as a platform for some very real white nationalist, who gather around the camera to advocate for their point of view. This is reported on. Another project by the same artist is a flag that is meant to symbolise resistance and hope, this too becomes a device by which the alt-right fosters attention by playing a very public game of capture the flag. This too is reported on. It is sometimes hard to separate intention from effect, to acknowledge that despite your best intentions the outcomes may have gone seriously awry. Beaver Lodge Cutaway by Juan Pablo Ribón, 2014. This image was made for an educational publisher, Ribón comments “It's fun to dig into details on something like this and create a feeling of reality even though this view is impossible to see in nature. I enjoyed the challenge of making the submerged portion of the beaver abode look like it was underwater which I achieved by shifting colors and values to reflect the effects of the water. Once again this is rendered in Photoshop over a graphite drawing. Size is 16"" x 11"" at 400 dpi. This one will print in the student edition as well as an oversize teacher edition to be used in group reading.” A friend and I began an open mic comedy night in LA, the idea at first is to try our hands at funny. After failing we decided to shift emphasis. Open Mic Therapy is an evening in which you are invited to get up on stage and talk sincerely about a selected topic. We discuss our experiences of parents, masculinity, femininity, fear, anxiety amongst other subjects. I learn more about some friends during those nights than the entire time of knowing them. I am craving these exchanges now, there is an addictive quality to their depth as in i don’t want to go back to the surface as in ‘did you see what so and so is doing’ or ‘did you watch the new episode of …’ or ‘where do I get these, these are great’. Last night a friend called up to describe her recent dating experiences, she rightfully questions my desire saying ‘the last guy as in the one from two weeks ago is obsessive, and keeps wanting to trauma bond over our mothers deaths. The new guy, the one from Thursday is light and easy, I like him’ they are seeing each other again tomorrow night."
111.jpg,"First found on on the 25th June 2005, this image depicts A Midsommer bonfire in Seurasaari, Helsinki, Finland and was shot by Ralf Roletschek. The original names of the festival was Vakkajuhla (basket festival) and Ukon juhla (festival of Ukko). It was celebrated in honor of the deity Ukko (god of weather, harvest and thunder) with large gatherings on riverside squares, with food brought along and beer specially brewed for the occasion.Noise and drinking were part of the Juhannus celebrations from an early age. It was believed that this would bring good luck and drive away bad spirits. According to an old belief, the more you drank during Juhannus, the better the harvest. It is a LGBTQ+ seder at one point I am asked to sit back, to drink wine and give thanks for the people I am surrounded by, the things that I have and the joy of life. It is an embodied ceremony in that ideas are allowed to play out through the body as you eat, drink and search. I do my best to make sure I am invited each year. Harvest festival in my village is a Victorian interpretation of a long forgotten pagan practice; tombolas, fancy dress competitions (I am a watering can made of roof felt, i do not come close to winning), may queen, dancing and a maypole all mark the shift in season. In LA you drift in time, it is sunny there, seasons are subtle affairs. It blurs my memory, I am unable place events in any order, instead they are shuffled, my only clue to placing them is perhaps the house I was in, or the car I was driving or the person I was seeing. Back in the UK I am thankful to have a seasonal backdrop with which to order things with"
112.jpg,"First found on the 3rd September, 2017 as a background image on the website for Salema Eco Camp, in Portugal. In the copy for the camping site they state “At Salema Eco Camp you will find nature in its purest state and be able to enjoy it with friends and family. This is the place of choice for lovers of slow living and surfing. Choosing us is not just choosing a place to sleep It's choosing a way of life.” Salema Eco Camp trades on a 'surfer' lifestyle brought to notoriety in california in the 1960s, the homepage includes images of a wooden lodge, beach living, yoga, a VW camping van and surf. This surfer lifestyle has had many permutations over the years, although is always seemingly characterised by a laid back attitude and in part a rejection of the grind of contemporary work life. After day three the beach is no longer relaxing to me. I download and listen to the app, I am trying to just be, concentrating on my breath, my awareness, scanning my body. I'm distracted, the desire to check my phone at times is a burning sensation. When I finally relieve myself my phone tells me I have reached nine hours of screen time, up two from last week. Screens sooth. After school I can catch two thirds of a film on channel 2 and then children's TV and soaps will take me almost to evening programming. I am willing to watch anything, I take pleasure in updating myself on past generations TV, as if I am catching up with history."
113.jpg,"First found on the 30th November, 2013 on fancy.com an online curated outlet that specializes in gifts, homeware and clothing. The spaceship teepee itself is a product by British company Field Candy that specialises in fun recreational goods. Their selection of printed tents is wide and varied and includes designs by Banksy, a giant watermelon, an english pub, a giant cheese amongst many others. The spaceship teepee depicts a space shuttle on what might be the surface of the moon, one might well imagine this tent inside or out being used as a playaid, transporting the player to another planet to which they might explore. The first picture from space was taken in 1946, the first man in space was Yuri Gagarin in 1961, the first man on the moon was Neil Armstrong in 1969. In 2021 several billionaires build their own rockets and travel to space. Travelling to space feels a lot like giving up on the world. My friend's father is a flat earther, which also feels like giving up, if not on this world, then a world. I read conspiracy theories are designed to deny and frustrate rationalism, and commonly accepted ideas of how things are. This in turn can be used for social effect, as in an item that irritates or soothes depending on who you are talking to. I am being told it can be hard to be the daughter of someone who refuses to believe in the horizon. A visualisation of the 1962 Lunar Gemini III spacecraft by NASA an alternative means why which the Americans might have landed on the moon. The Lunar Gemini III was an alternative to the Apollo craft that successfully completed the moon landing. The moon landing itself was a competitive race between two world powers, an attempt to demonstrate the scientific and technological prowess of each economic and ideological system. Although it may be argued that what drove a mission to the moon was not any given attribute of either system, but the competitive dynamic itself. There is an ideological war being played out across your subconscious, and draft dodging is not an option, we’re all implicated in this one. I ask for Coca Cola, Pepsi isn’t even a choice at this point. Edward Bernays the originator of contemporary advertising conceived of a future in which a benevolent group of advertising executives would puppet reality through hidden messaging. The episode of House of Cards when a supercomputer is used to control an election. Cambridge Analytica. A part of me likes the idea of decisions being made by experts with our best interests at heart hidden away from politics, which is why I am pro euro. I’m in Canada when the Brexit results roll in, I have to admit i'm a little taken aback by the results. Created in July 1968 this image depicts Apollo 7 on its descent to earth, the image was made as a visulatistion by the North American Rockwell Corporation a private contractor for NASA. The cutaway image shows three astronauts on their return from a journey to the moon at the point their spacecraft touches on the earth's atmosphere. Apollo 7 was the first manned test of the Command and Service Module. The crew orbited the Earth 163 times and spent 10 days and 20 hours in space. The atmosphere of Earth is the layer of gases, commonly known as air, retained by Earth's gravity, surrounding the planet Earth and forming its planetary atmosphere. The atmosphere of Earth protects life on Earth by creating pressure allowing for liquid water to exist on the Earth's surface, absorbing ultraviolet solar radiation, warming the surface through heat retention (greenhouse effect), and reducing temperature extremes between day and night Space is anti life. Photos of earth from outer space can give me a whizzing feeling, as in ‘wow’ and ‘we really are really quite alone' and ’I’m happy to be inside’. The Ozone is a thin layer that protects us from the harshness of outer space, when I was a kid we saved the world by saving the Ozone layer. With every can a hole the size of a double decker bus would open in the Ozone above our heads, It was urgent we stopped using these cans. There are still holes in the atmosphere, in some places more than others. A friend from OC, has skin cancer five times before he was twenty, each time having a patch of his skin cut out and sewn up. As I said space is anti life, I don’t want anything to do with it."
114.jpg,"This image's first known posting was on the 7th September 2019 at 14:59 on Blogpost and shows the Shuttle SRB's parachuting to Earth and floating end-up in the ocean. SRB stands for Solid Rocket Booster, the first propellant that provides the majority of thrust so as to escape the earths atmosphere. The image is included in an article titled Lessons From NASA Disasters: When Curiosity Deficits Kill, which highlights the importance of curiosity to find and call out possible safety risks in shuttle launches. The article begins with accounts of children affected by failed rocket launches in the 80s “And then it exploded… most of us understood what happened, but were too stunned to begin to comprehend. Our teachers just stood there in shock, and tears began to form in their eyes. The rest of the day, although we attended our regular classes, it was all anyone was talking about….” If it’s never happened before it can be hard to know how to react, as in a boy was killed by another boy outside of school. He is stabbed to death on the Highstreet on Friday evening in what is a fairly idyllic rural town. On Monday we just silently sit still in class for once. A year later and she is crying because her sister's boyfriend is dead. Then after that it is four friends, three of whom die wrapped around a tree, while one mysteriously survives with only a broken nose. He is propelled from the car and found hours later wandering the woods. At my friends funeral they play Miss Jackson from the OutKast album. He was cremated with his skateboard. Author of this image is the US Navy by Mass Communication Specialist 3rd Class Andrew Johnson, taken in Traverse City, Michigan on the 3rd July, 2010. The image depicts a low break cross maneuver by the Blue Angels during the National Cherry Festival Air Show. The Blue Angels flight demonstration squadron was formed in 1946 by the United States Navy. Many members of the Blue Angels would become flying aces, a flying ace is some who has shot down five or more enemy planes, although the term is no longer used An airshow where I live. Vertical takeoffs feel unnatural. A runaway success is someone or something that resonates with people, causing them to buy, vote or listen. A one hit wonder is someone who although incredibly successful, who resonates is unable to replicate their success. The idea of a zeitgeist although hard to pin down has a certain sense of truthiness about it. As in you are more or you are less in sync with the spirit of the age. It you are in, it is always a temporary condition, you cant resonate at that frequency forever, it will eventually shift or you will. Maybe Bowie, but not even him."
115.jpg,"This image uploaded on the 2nd February, 2013 by Rosendahl is titled Low Palm Tree available free for use on public-domain-image.com. The image depicts a short Sago Palm, a tree native to southern Japan but which is now seen in tropical climates across the world. Cycad sago is extremely poisonous to animals (including humans) if ingested. Pets are at particular risk, since they seem to find the plant very palatable. Clinical symptoms of ingestion will develop within 12 hours, and may include vomiting, diarrhea, weakness, seizures, and liver failure or hepatotoxicity characterized by icterus, cirrhosis, and ascites. It can grow up to 6–7 meters; however, this requires 50–100 years to achieve this height. Eat the berries. My sister ate a handful of poisonous berries, the story is, he told her too, and that they both ended up in hospital, and that you shouldn’t eat small red berries they will kill you. Transmitting information can be difficult, as in “don’t go in their” or “don’t read that, it’s private”. A friends daughter learnt to sign language at the age of one, communicating if she needed to poo or was hungry, this capacity to communicate meant that she didn’t get so frustrated. Lack of communication is frustrating. At times I will admit I’ve not been great at it, but I’m also fairly sure that is true of most people. Still no excuse. That line keeps repeating in my head ‘violence is the inability to communicate with words’, I wonder what I mean by violence in this instant. https://en.wikipedia.org/wiki/Hand_fan Image of 19th century hand fan part of the Museum of Fine Arts, Boston, collection. The fan itself is made of dark tortoise-shell and peacock breast feathers. Archaeological finds and ancient texts show that the hand fan was used in ancient Greece at least from the 4th century BC. On human skin, the airflow from hand fans increases evaporation which has a cooling effect d. It also has an additional cooling effect as heat convection is increased by displacing the warmer air produced by body heat that surrounds the skin, provided that the ambient air temperature is lower than the skin temperature. Fans are convenient to carry around, especially folding fans. I am suspicious of the idealisation of idiosyncratic personal taste, I am wary of cool, I don't like the posturing of the film Gummo. Just past cool is more interesting to me, where a look, or style, or a fad has been fully absorbed, so although more diluted is also at its maximal effect. On the train going back home from London it is possible to visibly notice trends that had been popular in London years ago unfolding along the line, finding their home in the teens and parents of rural suburbia. That speech in Devil Wears Prada on blue sweaters about the power of high fashion to disseminate, somehow trickling down into the bargain bins that people use to answer the question ‘who am i’. https://en.wikipedia.org/wiki/Russian_ruble This image by BestPhotoStudio was first found on 10th June, 2013 and depicts a woman holding up a fan of Russian rubles. The image was first uploaded to lori.ru although this link no longer works the image is available on the Adobe stock image site. Image tags include Adult, attractive, awesome, beautiful, borrow, buy, content, credit, crisis, economic, economy and ruble. The Ruble has been used in the Russian territories since the 14th century. The modern Russian ruble was created in December 1991 and used in parallel with the Soviet ruble, which remained in circulation until September 1993. I am hungover and particularly sensitive to the effects of this advertising right now, a horny energy on insta is passing between people and things, I don't buy the products from the adverts but i'm genuinely interested. I pass a woman who has become a Barbie doll, the proportions of her body have been stretched to their limits to match her plastic counterpart. I’m 4 and I've stolen my sister's Barbie doll and I go to bed with her, pushing my penis against my inside leg while I hold her. It is something that i know is wrong, although why i’m unsure, it has never been said to me. I continue this practise for a while, It is a half secret, known but not spoken about, i have no memory when i stopped. First known use is on 9th August, 2011 as the background to a video by Dylan Ratigan titled Trillions Of Dollars Are Being Extracted From US Taxpayers. The video is no longer active although Dylan Ratigan is a vocal critic of the abuse of power and government and has appeared on various progressive news sources such as The Young Turks. ""We've got a real problem! ... This is a mathematical fact! Tens of trillions of dollars are being extracted from the United States of America. Democrats aren't doing it, Republicans aren't doing it. An entire integrated system, financial system, trading system, taxing system, that was created by both parties over a period of two decades is at work on our entire country right now. And we're sitting here arguing about whether we should do the $4 trillion plan that kicks the can down the road for the president for 2017, or burn the place to the ground, both of which are reckless, irresponsible, and stupid."" — Dylan Ratigan, 10th August, 2011 speech on the American economy and political system which aired on MSNBC. Financial black holes are ideas and people that however much money you pour into them, they never quite return on expectations. I’m unsure if you can be your own black hole, is suspect you can. I am able to justify any expense for work. My father insists that all money made must go into the family business. My mother protests one year and demands we buy two large red sofas because we never have anything nice; we still have one of these red sofas over ten years later. It is easy to forgo any comfort if it is for a cause bigger than yourself. I often wonder if my parents relationship worked because they ran a business together, not in spite of it."
116.jpg,"First found on 8th November, 2018 on livescience.com this image then appears on various science based websites. In one website metalicman.com it is used to illustrate the possibility of creating your own DIY “dimensional world portal”. The website states of its contributors that they are just a group of retired spooks that discuss things that you’ll not find anywhere else. It says “Take a look around. Learn a thing or two.” The article, although couched in a science language, is closer to sci-fi, for instance using the concept of gravitational waves to propose a time machine. DIY aesthetics as in something clearly handmade. My mother would make handmade Christmas decorations out of dough, my father made toys out of scraps of wood, my grandmother would make carpets out of scraps of fabric, my grandfather whole life was a DIY project. Etsy is a website where you can buy items made by other people. On the TV program they would show you how to make things each week. As in ‘here is one I made earlier. I followed their instructions and made the Thunderbirds island out of paper mache. I believe to this day the results were a workable alternative to the one available in participating stores. Amateur aesthetics feel more real, a little more honest, a little closer to sincerity. Like amateur as an antidote to professional porn, or indie films to Marvel. It is an aesthetic gesture, not necessarily the real, but at least an attempt to point at it."
117.png,"First found on the 24th July, 2019 on alibaba.com, a product photo of a small plastic funnel retailing at 0.08c a unit. The primary role of a funnel is to guide either a liquid or powder into a small opening. An inverted funnel is a symbol of madness, appearing in many Medieval depictions of madness; for example, in Hieronymus Bosch's Ship of Fools and Allegory of Gluttony and Lust a man with a funnel on his head sits on a barrel while smoking a pipe, the allusion is one of blissful hedonistic insanity. In the East Coast of the United States, ""beer funnel"" is another term for ""beer bong"" a device used to accelerate the consumption of beer, that uses gravity to force liquid into the user's stomach. A gravity bong is forcing beer into me, it is not so much about getting drunk its more about the performance. Coming of age rituals, as in after I consume, say or do this I’ll be an adult. Adulthood seems real now, although for a long time it didn’t. It appears adulthood is less about drinking rituals and more about responsibilities, debt and contracts. As in I promise to look after, too uphold or pay back. Jordan Peterson said that to sit up straight and clean your room was a path to fulfilment, later he suffered a breakdown and was admitted into rehab for amphetamine addiction."
118.jpg,"First found rolloid.net on the 4th October, 2018, the image depicts a menstrual cup. The article in which this image is used is titled A Woman Accidentally Finds Her Menstrual Cup in a Sandwich Because of Her Husband, the article tells the story of a man who mistook his wife's menstrual cup for a measuring device for rice which he then vacuum packed into her daily lunch. An early version of a bullet-shaped menstrual cup was patented in 1932, by the midwifery group of McGlasson and Perkins. When using a menstrual cup, the menstrual fluid is collected as it flows from the cervix and is held in liquid form. With tampons, liquid is absorbed and held in semi-coagulated form against the cervix I have never seen it before. She is extracting the device from her vagina and pouring the blood into the sink before cleaning it and the sink. As a child I sometimes will put a tampon in water, enjoying the sensation of watching it expand. Before sex we put down a towel to prevent the sheets being marked with blood. In truth I am okay with the sheets being marked. One friend tells me he will only masturate in the shower so as not to dirty where he sleeps. Insane. There is an aura of blood around my pubic region after sex, i eventually go to wash it off in the sink, it is a pleasure to watch the water turn red for a moment and run clear. https://cleaninginstructor.com/effective-method-remove-nasty-stains-rug/ www.perfectclean.co.uk carpet_stain_removal.php -"
119.jpg,"First found on the 24th April, 2008 filename base_pic_stain_removal.jpg, this image depicts a glass of red liquid draining out of a wine glass onto a beige carpet. The image appears on various websites associated with cleaning, in one ingredient are given to make a homemade solution for cleaning rugs, it’s ingredients are ¼ teaspoon of liquid dish soap, ¼ teaspoon of white vinegar, 1 cup of water. This solution is to be applied to a rug with a cloth and then worked out with another dry cloth. To fill our allotted shifts we clean rooms for an hour and then go to the storage cupboard. She would read Mills and Boon novels and I would fall asleep. I lived in the college over one summer. The building is a modernist classic from the 60s, everything has been designed from chairs, to door knobs, to windows with no curtains. Students protested shortly after the building was finished saying that they needed curtains, that they had a right to fuck and masturbate without being seen. The idea in modernism that you can shape behaviour by putting people in glass boxes, that the sensation of being seen will force a more productive performance. The rooms are unbearably hot in the summer, I wake up every morning sweating. I am thankful when it is over and can return to my cave."
120.jpg,"First found on the 24thOctober, 2014 on manchas.org in an article titled Blood Stains. In the article a series of tricks to remove blood stains from fabric and other surfaces are given. The search for the presence of blood at a crime scene is normally done by close visual examination. The possibility exists, however that blood may be present in amounts too little to see with the unaided eye, or that the blood at the scene had been “cleaned up” prior to arrival of the crime scene team. Scientists can take advantage of a luminol reaction to locate potential blood evidence that would be undetectable through visual examination. He asked ‘would you rather kill a close friend or let 2000 strangers die’ He would save the friend because anything other than the known is an abstraction and it’s okay to kill abstractions. People will have arguments on twitter but are unable to maintain their position face to face. Politicians write laws in spaces often far away from the people who it effects. I at times have turned people into ideas so I could dislike them with more ease. I don't want to turn people into ideas to more easily dislike them. STOCK"
121.jpg,"First found on images-photos/clean.html on the 4th February, 2014 titled Young Maid Cleaning Floor by Andrey Popov. The image depicts a young woman dressed in a maid's outfit cleaning a white ceramic floor by hand. In the United States of America The vast majority (91.5%) of domestic workers are women and just over half (52.4%) are Hispanic, black, or Asian American/Pacific Islander women. The typical (median) domestic worker is paid $12.01 per hour, much less than other workers who on average are paid $19.97 per hour. Even when compared with demographically similar workers, domestic workers on average are paid just 74 cents for every dollar that their peers make. I am told brains can be chemically unbalanced, that with the right meds the scales can be tipped into a more healthy position. Sometimes people don’t need antidepressants they need a little cash. People need to talk more about money as psychic object, it has the ability to remove the barrage of stress hormones that are often the cause of cancer and other severe medical problems. As in I would live longer if i had more money, as in the question “how can I pay my rent” eventually if unchecked will kill. I worry about my older sisters inability to hold down a job, I worry about the hours father works, i am happy my mum is retired, i am comforted by my younger sisters capacity for self care, my own finances, id prefer not to talk about that. Westend61 / Getty Images Available on Getty images this image was first found on the 2nd October 2011 titled Mid Adult Woman Doing Child's Pose Against White Background by Toriga Westend61. The child's pose is often done at the beginning and end of a Yoga session to help stabilise the spine. To do a childs pose press into your hands to straighten your arms, lifting the chest off the mat. Then move through a tabletop position and continue to bend your knees, bringing the hips back to rest on your feet. Finally separate your knees as wide as your mat and let your belly sink down between your knees. Rest here five to 10 breaths before coming back onto all fours and repeating the entire sequence. I am prone to the sedentary life although I’m aware how good exercise can feel. A cricket ball thrown at speed is a terrifying thing, PE is a form of torture, I constantly forget my shirt, shorts and trainers so I must wear the smelly kit reserved for people like me. I have no talent for sport and they know it. Later exercise is building things and carrying sheets of MDF, Later still it is running with friends, it’s great way to talk ideas and catch up. Later still age brings yoga, I enjoy the resting bits. the child’s pose, a foetal position designed to make you feel supported. I dont think I will renew my membership to Triyoga, I need to finish this book. zurijeta Titled Islamic Man Praying on a Wooden Pier in Dusk by Jasmin Merdan a Bosnia and Herzegovina photographer, this image is available on bigstockphoto.com and was first found on the 26th June, 2015. The Bosnian War was an international armed conflict that took place in Bosnia and Herzegovina between 1992 and 1995. During this was ethnic cleansing that took place in VRS-controlled areas targeted Bosniaks and Bosnian Croats. This included an event in 1995 in wihch more than 8,000 Bosnian Muslim men and boys were killed, as well as the mass expulsion of another 25,000–30,000 Bosniak civilians by VRS units under the command of General Ratko Mladić. Mladić was arrested on the 26th May, 2011 in Lazarevo, northern Serbia he was later extradited to The Hague where he is currently being held. I am chasing someone who I only later find out has a partner, the partner is a Bosnian man who many years later I will sit with and drink tea. But at this point I am meeting up with her, unaware of their relationship. She says to meet at a pub, we drink beers at one table while he and his friends drink at another. Like everyone I value things more if they are unavailable, desire defined as a lack of something, the process of struggle seemingly to cement an attraction. I have at times felt the sensation of repulsion after sex, as in there is nothing left to desire. I don’t want the cigarette I’m smoking I want the next one. We will dance around each other for a further few months in which time I learn about her relationship. we slowly over many months contrive a scenario that we might be together. We are finally together, on arrival our desire firmly cemented. thucungdenuoi.com 2019/04/ -"
122.png,"First found on the 29th November, 2019 thucungdenuoi.com although this link is currently broken. The image is also found on the wikihow.com page on how to perform a headstand in under step 11. “ Slowly walk your feet towards your face. As you walk, your spine will straighten out above your head and you will notice your weight slowly shift from your feet to your elbows. When you can’t walk further, push your elbows into the ground.” Not a handstand a headstand, the headstand even to this day remains out of my reach. I am not above self help books, I am attracted to manuals or websites that tell you how to do or make things. In the Matrix manuals on how to operate complicated machinery are downloaded in a moment, in the Hitchhiker's Guide to the Galaxy night classes are ingested as a liquid. I have tried to learn a language maybe ten or twenty times. A story I have told myself about myself is finally being disproved, I can, I can perceive, retain and articulate, the teacher was wrong, I am wrong, I can write the necessary words. ‘Puedo escribir las palabras necesarias’."
123.png,"Still from youtube video B-Boy Profile: Ronnie | Red Bull BC One 2016 World Finals. In this image we see Ronnie Abaldonado performing his distinct b-boy dance style. Abaldonado has appeared in several films including Turn it Loose, 2009 a film that chronicles the 2007 world b-boys championship in Soweto, South Africa. The film emphasizes the street culture roots of b-boy dancing, pointing to the fact it is a form of non-contact combat that has evolved over 30 years born out of poverty and hardship. This is the backdrop we are able to learn about Ronnie Abaldonado and the other dancers and begin to understand the drive and determination that has pushed these people to the very top of their game. A master drive I’m told can form the core of your psyche, it is the protocol that you will make sense of all other decisions. Career advisors are deployed at the end of your conditioning, to prepare you for your eventual integration. ‘Hey mum look at this’ can become a major retrospective at the MOMA. Nietzsche says that master drives are revealed, that you can not seek after or construct them. I am unsure of this. Cant find"
125.jpg,"This image depicts a paper chibi, source unknown. Which is a Japanese slang word describing something short. The term is widely used to describe a specific style of caricature where characters are drawn in an exaggerated way: small and chubby, with stubby limbs and oversized heads. Paper Chibis are characters drawn by artists who then photograph them as if they are inhabiting a real space. The first film to include an animated drawing inside a live action film was The Enchanted Drawing, 1900, a film about an artist who draws a face and then proceeds to interact with it. Live action and animation have been mixed since. Donald Trump promised to ‘make anime real’ was a meme during the election. As in a boy who wants a relationship with an image being too overwhelmed by the visceral intensity of a real body and everything it entails (as in a consciousness). Wish fulfilment is the most basic and unfulfilling of all fantasy. In the article about the use of Dungeons and Dragons in prison hacker Barrett Brown describes a man who makes a crude device for making decisions, it is in part his make believes girlfriends consciousness, he asks “Are you going to give me a blowjob today?”. The device returns with a ‘no’, he will not be getting a blow job today. I am unsure what to write here, but something about the danger of isolation, of not being able to ingrate what is inside with what is outside. https://depositphotos.com/4720067/stock-photo-man-climbing.html Spain, Barcelona"
126.jpg,"Titled Man Climbs a Mountain by an artist who goes by the name SFIO CRACHO, the image was first found on the 3rd September, 2013. Tags for this image include danger, work, climb, hard, man, cliffrock, risky, mountain, adventure, business, difficulty, strength, concept, active, success, businessman, person, tired, top, entrepreneur, grow, nature, peak, effort, extreme and freedom. The list of works suggest a connection between hard work, risk, success and freedom. It is a testament to entrepreneurial corporate culture, that has historically fostered values in which high risk is rewarded with possible ruin or extreme wealth. The 2008 crash did not affect me personally. There is structure at this time; I start at 9am, 11am tea break, 1pm Lunch, 4pm tea break and then we leave at 6pm. my job is secure. The crash exists only as a general state of unease and anxiety elsewhere, as in a news story about repossession or the radio 4 interviews with bankers, or the couple of shops closing near my house. At work I listen to eight ours of audiobooks a day while sanding down fiberglass sculptures for a successful artist. In my protective gear I am totally cocooned, I feel safe, my hands do the work while I listen. I learn a lot at this time about a vast array of subjects, I consume lectures, podcasts and books. Some sculptures made in this period are anchors, which when I encounter take me back to whatever it was I was listening to at the time. http://maryannlive.blogspot.com/2015/07/see-risky-photo-shoot-on-mountain-cliff.html"
127.jpg,"First found on pinsta.me in November 2014 and shows eighteen year old Leonardo Edson Pereira hanging off a cliff in Rio de Janeiro. When questioned about his hell-raising activity he exclaimed ""I love living on the edge.I know people think it's dangerous and crazy but it makes me feel alive” he continued. ""I have to trust myself not to fall. The first time I did it I was really scared. I didn't hang off, I just sat on the rock. The second time I was more relaxed and hung over the edge. Once I cut my arm having to pull myself up.That was the only time I've been worried."" I could tell just before we opened the show that I have faltered. The first step is the most important, when running for the long jump I’d be aware if I’d fouled and crossed the line long before I’d reach it. To be success requires more than just confidence. One of the participants day job is teaching business people to be more confident. It is a lesson on how to walk into a room. Open your chest, do not create a barrier with your arms, make eye contact, the word all people are most responsive to is their own name. I find it difficult to remember names. Heavy Metal skull devil horns sign for Women Men is a piece of digital artwork by Andy Nguyen which was uploaded on the 3rd January, 2021. The image itself is a collage between two images, one a vector skull titled Anatomic Grunge Skull Vector by kandserg and an unknown photo of someone making the horn gesture with their hand. The image is available on Fineartamerica.com on a variety of different products ranging from T-shirts, puzzels, phone covers, posters and much more. Fine Art America describes itself as ‘the world's largest art marketplace and print-on-demand technology company that allows artists to upload their art and for consumers to buy merchandise with those designs.’ Kevin Spacey is a outed sex offender. American Beauty starts with the lines “Today is the first day of the rest of your life, well thats true of every day except the one you die.” Kurt Cobain was dead a few years before I first listened too Nirvana. I listen and like all their pretty songs, when he sings “but he don’t know what it means.” I imagine that is me he is singing about, thats he’s right, I don’t understand but am thankful for being able to listen. He was 27 when he died, I am thirty eight while writing this. In his suicide note he talks about an inability to feel, a lack of joy and the strong sense of commitment he feels to his fans and music. Even now when reading the note a part of me is in ore of someone who believes in a structure so much they are willing to die to participate in it more fully. As in dead musicians become legends. But I am also struck by his youth, by the sense of alienation by someone who although is able to write, is also seemingly unable to communicate."
128.jpg,"This image depicts a military bag from an American army Psychological Operations Unit, with the motto “You’ve Just been fucked by the Psyops - Because physical wounds heal”. Psychological operations (PSYOP) are operations to convey selected information and indicators to audiences to influence their emotions, motives, and objective reasoning, and ultimately the behavior of governments, organizations, groups, and individuals.The purpose of United States psychological operations is to induce or reinforce behavior favorable to U.S. objectives. They are an important part of the range of diplomatic, informational, military and economic activities available to the U.S. They can be utilized during both peacetime and conflict. Sticks and stones will break my bones but words will never harm me was something my grandmother would say to reassure me against the attacks from other kids. Although not cruel, it's a statement that diminishes the effects of words, does not fully acknowledge their capacity to cause harm or to psychologically disrupt your sense of self. As in you become what what you say about yourself. What other people say about you in another thing, let us put that to one side for the moment. They and it will always be a spectre, the best defence against it is of course some peace and clear sense of self. In any case, its okay, I’ll just sit with you now. A badge depicting Belle Delphine’s face in place of the skull from the American Psychological Operations (PSYOPS) badge. The motto remains the same, pointing perhaps to the deep psychological investment many of her fans make i nher. The image depicted is from a website selling badges, in the description it reads “Have you fought and bleed on the Memetic Battlefields as a special operator for the cause Anon? Regardless if you slayed THOTs as a member of the THOT Patrol or served in another capacity, show your pride with this official 4Chan/pol/ Psychological Special”. Thot Patrol is the name given to a fictionalized group that men who troll women online. On Know Your Meme the term ‘patrol’ in this instances is defined as anything from shutting down advances, knocking down with comments or reporting to the IRS. The Thot Patrol has no official members, affiliations or requirements to join. A friend is taking a break from the toxic forums he is researching. Toxicity slowly poisons. Kids come for the lolz but get trapped by the memes. As in ‘memes meme you after a while’, as in to be part of any group you must internalise a bit of it to participate. Today the business of cults is decentralised, the community being charismatic enough without a leader. The film Nerve revolves around an online truth or dare app that results in several deaths. Responsibility is decentralised amongst the group so it might be said to no longer exist. Mobs are the meeting of people designed perform a similar diffusion, it’s deeds encouraged and cloaked my the mass. boards.4chan.org r9k/ This image first found on 15th October, 2017 on 4chan board /r9k and depicts Mary-Belle Kirschner, better known as Belle Delphine, who is a South African-born English Internet celebrity, pornographic actress, model, and YouTuber. Her social media accounts feature erotic and cosplay modelling, sometimes blending the two together. Belle Delphine makes over $1 million per month on OnlyFans. In an interview with The Spectator, Belle confirmed she makes $1.2 million a month from charging her subscribers $35 to view her explicit content. She is perhaps most famous for selling her bath water. Masturbation is maintenance done to sustain a fantasy, attention given to something so as to ensure its existence, as in watering the plants or fixing the roof. The only poster on my bedroom wall was Cristina Richie getting out of the pool wearing a red polka dot bikini. A Stan is a crazed and or obsessed fan. The obsessive is someone who knows what they want. I have had several people act obsessively towards me, in all cases it felt like the thin membrane between troll and stan collapsed. I have the sense I am being used, that a small puppet of me has been constructed and is being contorted to someone else’s will. They sometimes still try to get in contact, I don’t want to have contact, I would like to be left in peace. Bobobie Resin Sprite by lily2980 is a ball jointed doll with green skin available for US $199.99 from ebayshopkorea.com. A sprite is a supernatural entity in European mythology. They are often depicted as fairy-like creatures or as an ethereal entity. The belief in diminutive beings such as sprites, elves, fairies, etc. has been common in many parts of the world, and is still found within neo-spiritual and religious movements such as ""neo-druidism"". Neo-druidism or neo-druidry is a revival of the ancient religion of the Celts, as presided over by the priestly caste of druids. There are no original druid texts which has meant that it is largely an 18th century invention. No text or knowledge has survived from the ancient druidic practises. Druids do not exist, yet there are druids walking around Stonehenge, they are welcoming in the summer solstice, they have been LARPed into existence this group performing some kind of ritual amongst the crowd. Years later we walk around the stones on our way back from Bath, we follow the neat pathway, at certain points we follow the instructions that suggest poses you can strike to interact with the stones. She jokingly raises her ass as if to sit on them, I get the photo. Found on Babiki.ru a Russian online marketplace on the 25th of March, 2017, the doll manufactured by Bimong is called Narae 406 and is available to buy from seller radu. Bimong are a Korean company that sell articulated dolls in the anime style that collectors are then able to mod to their specifications, often making elaborate and realistic characters and motifs. Stop treating objects like women. The website offers instructions on how to build your own sex doll. The finished examples are derelict, legs and arms constructed out of plastic piping, sand is added to give a more realist weight, fabric is used to soften, as in to touch or to hug. Her face is from a mannequin, her vagina a plastic fleshlight. She poses lounging on the couch, or sprawled on the bed. It is at odds, an object designed to neglect and care for. Pygmalion made a statue representing his ideal woman and then fell in love. We are experiencing something else here, the materialisation of a psychic object, a dynamic, something normally kept discreet is being revealed."
129.jpeg,"Self Portrait, 2000 by Gillian Wearing and British artists. In a series of work titled Trauma ,2000 eight participants confess their trauma and the mask that is given reflects the age when they suffered their trauma, with the intention of transporting the viewer back to the defining moment in the wearer's lives. Traumatic experiences are often remembered in a distinctly different way to other memories as the part of the brain responsible for language shuts down during a flight, fight or freeze response. Those remembering a traumatic memory will often relive it in a very real and visceral way, meaning the experience remains vivid as if the experience was being relieved. Childhood as is something malleable being sculpted by someone else. The question is ‘how do the clouds stay in the sky’ or ‘how are babies made’, the answer is whatever they choose it to be. Language is a necessary trauma. A necessary trauma, is one that cannot be avoided. The bus journey lasts 45 minutes to our house, this cannot be avoided, I am being pinned down and am having weights thrown at my head, this to cannot be avoided. After I am confused, I am missing something, I do not know what to do, or say, to get out of this. Each day the bus resets, like the beginning of a sitcom, any sense of change is slow and plays out over many years. https://www.youtube.com/watch?v=Yr4Y5pHgRgU ikumiko1 This character has been developed and created by is named Kyoko, who has makes a wide variety of silicone masks. In their youtube channel we are able to see these characters peering into camera, as if inspecting us. At the end of each video the mask is taken off although ikumiko1 face is never revealed, instead at the moment of reveal the film cuts to them in a different mask. In this way the viewer is given the impression of a Russian Doll, a mask inside a mask inside a mask without, seemingly without any core. Perhaps this work might be an attempt to communicate the idea that we may never be seen without a mask. I <3 everything about mushies. In the mirror each time I turn away I see another version of myself, each one is a mask, some more familiar than others. Eventually I decide to lay on the bathroom floor, it is cool there, its the moment I have been waiting for, where I get to let go and begin to cry. Sometimes in therapy I say ‘I’m crying behind my eyes, just to let you know’, because if you aren’t emoting it might as well not be happening. All bodily functions should be done on a regular basis."
130.jpg,"Still from the film Mission Impossible directed by Brian De Palma starring Tom Cruise, Jon Voight, Emmanuelle Béart and Henry Czerny. Originally a TV series in the 1960s, Mission Impossible tells the story of a secret organisation known as The Impossible Missions Force (IMF). The IMF is a small team of secret agents used for covert missions against a variety of different targets including crime syndicates, global terrorists and the Russian government. The true nature of the organization is never revealed, although many of its targets seem to be in sync with US foriegn policy. Although fictional it is easy to imagine the IMF functioning as a proxy for the highest bidder, able to use methods unavailable to governments, making them a device to obfuscate accountability. In 2005 Tom Cruise and George W Bush Jr, both very much set the tone. In 2005 Tom Cruise is losing it on Oprah Winfrey’s sofa, the word is manic. In 2005 its George W Bush and the word is dumb, or proxy, something else that means pupated by malicious forces. In 2021 he retains his puppet like quality, but this time it is as in empty or something deflated. Michel Obama is hugging him. Tom Cruise also seems deflated, but it’s different, the word is still manic. Today troops are leaving Afghanistan, at lunch I see videos of bodies falling out of planes as people try to escape. 71,000 is a number I cant make sense of. A meme comparing Vietnam, the failure attempt to intervene. Here's what scientologists actually eat during their insane detox https://www.insider.com/scientology-purification-rundown-detox-2017-3 U.S. Actor Tom Cruise gives a speech at the inauguration of a Scientology church in Madrid on the 18th September 2004 by Paul Hanna for Reuters press agency. The image is featured in various articles including one for insider.com titled Here's what scientologists actually eat during their insane detox on the 31st May 2017 by Sarah Weinberg. In that article Weinberg outlines a Purification Rundown that new members of scientology do on joining the church as well as a vitamin-cocktail detox with niacin, which, according to the religion's founder, alleviates and prevents radiation sickness. I cannot think of anything harder than leaving the scientology mailing list, you can leave the building but you can never leave the maligning list. I am greeted by two young near identical Tom Cruise look-alikes who sit me down and explain the test I am about to take. I am asked many questions about my past, my opinions and feelings. The whole process lasts about 40 minutes. The results are mapped on a graph, the top of which there are a list of positive words; happy, composed, active, certain, at the bottom are bad words; depressed, unstable, nervous, uncertain, inactive. My line runs at the bottom of the page. He shows me his results they run at the top of the page. I am told mine could like this with a bit of work."
131.jpeg,"Image of Maltese Cross Pendant Brooch by Tiffany & Company, made in 18K yellow gold shown on a simple 24-inch chain which can be bought seperately for $535. The Maltese cross as defined by the constitution of the Order of St. John remains the symbol of the Sovereign Military Order of Malta of the Order of Saint John and its allied orders. The eight-pointed cross have been given a number of symbolic interpretations, such as representing the eight Languages of the Knights Hospitaller or alternatively the ""eight obligations or aspirations"" of the knights She is Maltese but speaks with a northern english accent. We live together for two years, when she studies pattern cutting I contrive of a project to work together, it is an artists uniform based on Rodchenko’s design. During this period I find it hard to have relationships with people unless it is through something else, as in can you help me with, or do you want to take part in… Several friends get frustrated with this behaviour and question me about it. www.partner.viator.com en/4107/Chicago-Tours/Cultural-and-Theme-Tours/d673-g4 -"
132.jpg,"First found on the 9th November, 2009 on partner.viator.com a website offering themed tours in Chicago. The image is a detail of a brass door at 1 N. LaSalle Street, Chicago, taken by Mary Warren on the 18th July, 2013 on a Panasonic DMC-ZS7. The door is in an art deco style and depicts a bird of prey set into a diamond shape. 1 North LaSalle Street is an iconic example of the soaring, streamlined skyscrapers built during the 1920s. Currently one of Chicago’s best-surviving examples of Art Deco architecture, One North LaSalle’s significant history is evidenced through its distinctive architectural details from the original brass entrance to the seventeen relief panels on the fifth-floor exterior depicting justice, native american chiefs, atlas, and many of America's most famous explorers: LaSalle, Marquette, Columbus, Clark, and Joliet. Sopranos plays in the background while I work, Tony has a comforting voice. The episode where they beat up Columbus day protestors, it has something to do with identity, pride, ideas of justice, guilt and accountability. The track Sorry by Justin Beiber comes to mind. It is hard to say sorry when there is no one to say sorry to. During and after the abortion out of fight, flight and freeze I get freeze. Freeze as in frozen, like frost bite, an in cold. Glazed I am seemingly unable to offer the support or space that she needs, I concur with her mother, ‘he’s was selfish’. Within months we have broken up. after although I am not religious I have the clear sense that I have sinned. Sin some fundamental betrayal of yourself and or another person or idea. It makes sense to me now the idea that someone might need to invent a power bigger than themselves to acknowledge pain caused, to ask for forgiveness too, too act as a proxy to someone who is no longer there. Years later she phones, I was thankful for the opportunity to say sorry, I hope she is doing well. Taken by Nicola Bombassei in the Dolomites Mountains in northeastern Italy, this image depicts a golden eagle at the point of taking off. Golden eagles maintain home territories that may be as large as 200 km2. They build large nests in cliffs and other high places to which they may return for several breeding years. Most breeding activities take place in the spring; they are monogamous and may remain together for several years or possibly for life. Females lay up to four eggs, and then incubate them for six weeks. Typically, one or two young survive to fledge in three months or so. These juvenile golden eagles usually attain full independence in the fall, after which they wander widely until establishing a territory for themselves in four to five years. I was 17 when we crashed the car the summer we drove around Europe, the guy went to punch me, and I could do nothing other than point in front of me. When he realised I didn't have a steering wheel he backed off. eventually we left the Czech republic. Its striking how things can change when you cross a border, there is a saying in LARP that reality is just bad LARP design, which is simply to say that we are operating under essentially arbitrary set of rules and conventions and that reality could conceivably be different. To be plastic is to be able to bend, to mutate and adapt. I am often shocked how stiff I am, but then recently I have been doing regular exercise and I can sense my body slowly opening up, releasing itself a little each day. https://greekmythology.wikia.org/wiki/Hermes Product photo of Greek God Hermes Running On Clouds Statue by Veronese Design made in polyresin with gold finish available on Amazon for £55.00. Reno Star gave it a five star amazon review stating “Really nice and well made, and well packaged. This is a great addition to any collection for those who are into Greek mythology. Everyone who has seen it, loves it. Highly recommend.” Hermes is an Olympian deity in ancient Greek religion and mythology. Hermes is considered the herald of the gods. He is also considered the protector of human heralds, travellers, thieves, merchants, and orators. Amazon prime is a lifestyle. I am in a Dungeons and Dragons game developed by a friend, it is set in a mythical version of an Amazon wish fulfilment centre. Rare items float around the warehouse, it is my job as security guard to oversee their packaging and shipping. A dwarf shouts “Bog Break”, I must walk them to the stool, making sure no unnecessary time is wasted. My character suffers from addiction, is often impulsive, is imperfectly trying to get by. Over the course of many sessions the warehouse is brought into disarray as a faction within the company attempt to replace workers with undead labour. This triggers an uprising as workers lose their jobs, our group find themselves in the middle of the various factions that form. We must navigate our way around them, we must make sense of events as they unfold, we must try to being about the reality our characters believe in, but also realise we are small and relatively powerless and that compromises will need to be made along the way. First appearing on 3dmag.org on the 7th August 2018, 11:05 this image depicts a stl file for 3D printing of Flash Gordon a DC comic character in a running pose. Flash Gordon is the protagonist of a space opera adventure comic strip created by and originally drawn by Alex Raymond first published in January, 1934. In the 1970s, several noted directors attempted to make a film of the story of Flash Gordan, including Federico Fellini and George Lucas. However, Lucas unable to acquire the rights from De Laurentiis decided to create Star Wars instead. Often you think you should make one thing, but then end up making something completely different. I am a fan of being led by what is there rather than to impose some preconceived idea. I am suspicious of artists who act on preconceived ideas, as in to download or enforce. In film club a friend conceives of two poles in which to organise directors, brutal vs twee and top vs bottom. Good films can and have be made on all areas of this chart, although my tastes fall to the brutal bottom side of things. In this quadrant style is stripped back to the point of revealing process, these films are often characterised a rawness, an attempts to face reality head on. Symbiopsychotaxiplasm, William Greaves, The Act of Killing, Joshua Oppenheimer, The Idiots, Lars Von Trier, Sweet Movie, Dusan Makavejev."
133.jpg,"Image of America Online AOL running man by JoRoan Lazaro created in the late 90s as an icon that would appear on the dial up screen. The iconic running character would become a mascot for the company. JoRoan Lazaro explained “The [running man] design came about because I was spending a lot of time looking at 1940s and 50s postwar American logos and trademarks, ” ...“If you go back to 40s and 50s logos and trademarks, you'll see that there's actually quite a few men that were used—a silhouette that either had curved legs or angular legs and a round head, in addition to the ones that looked quite a bit more stylized or looked really, really human. The running man was really inspired by those.” I get like tittles mixed up sometimes, like The Running Man with Arnold Schwarzenegger a film about a TV program in which convicts battle to the death for their freedom and Marathon Man a film starring Dustin Hoffman who plays Thomas ""Babe"" Levy a jewish graduate caught up in a plot to find and convict a Nazi war criminal. During work I listen to Primo Levi accounts of the concentration camps, it would often catch me unawares and I would find myself crying uncontrollably. Later I found myself listening to him so as too cry. As in a known access point, something to return to. I hesitate trying to even make sense of those books, it is as if words cannot do his words justice. In November 2008, the drag and drop Pegman icon was introduced as the primary user interface element for connecting from Maps' 2D view into Street View's 3D view. When Pegman is dropped onto a particular set of coordinates in Google Maps for which Street View data is available, Street View opens and takes over the whole map window dropping you in 3D navigable image. Occasionally Pegman ""dresses up"" for special events or is joined by peg friends in Google Maps. When dragged into Street View near Area 51, he becomes a flying saucer. When viewing older views, the Pegman in the minimap changes to Doc Brown from Back to the Future. In the experiment they found that the animals would return to their lair at all costs, despite the availability of better more comfortable environments. In Back to the Future he goes back to a time when his parents were courting, his mother is attracted to him, I oddly can trace my type, because I definitely do have a type to a girl in secondary school. If i'm honest with myself this girl looks a little like my aunt who I know is only one step away from my mother. It’s a basic script, that I chastise myself for getting caught up in, although in part it feels inevitable, like a child’s desire for candy or sleep. Again we see the theme of desire through familiarity, as if it is a characteristic that will trump all else, that is more compelling than our best interests. Be ware the familiar it does not have your best interests at heart."
134.jpg,"This image was first found on ca.photos.com on the 29th of June, 2013 but without the map on the wall. This image appears with the map in 2019 on viralcovert.com and is credited to Mathilde Émond with the title World Map Mural Wallpaper Australia. The image is a visualisation of a map that might be used to decorate a room, in this case a children's play room. Maps are a representation of territory in which information can be organised. In the case of this map the world has been cut into current national borders, territories and cities with visualisations of key geographic features. In owning the map the viewer takes on a god-like perspective, able to look at an idea of the world in its entirety. I am unable to drive from my friends house in Pasadena back to mine without using google maps despite having done this journey many times, I have become reliant on the machines. Brains look for the easy way out, if you ever want to escape this trap they must be disciplined and trained. I buy a book on memory, it describes how Romans treated memory as a technology, a system to acquire, store and retrieve. A cyborg is a hybrid between organic and machine. Computers have been able to beat humans at chess for a long time, although the combination of human and computer is even better yet. I am close with my computer, you might say we have a relationship. She called it the silver girlfriend. And it is true I do sleep with it most nights, even though I know I shouldn’t."
135.jpeg,"Image of children’s play table & stool for children by Blueroom for 2 years olds and above, this product is available on afilii.com. Blueroom note “Creativity and imagination are necessary conditions for children to live a malleable, meaningful and content life in our consumer world. If children don’t have access to either of these, they will find it difficult to make independent decisions later in life.”.. “Square-shaped, round, natural or colored, this collection of designer childrens furniture was made by people with disabilities in a protected manufacturing environment in Switzerland” Americans have ADHD, British kids have dyslexia. I wear the brown tinted glasses meant to help with reading only a handful of times before I become too self conscious and loose them. I enjoy the process of having my eyes tested and selecting frames, I go for aviators. I resent being taken from class twice a week for ‘special needs classes’. We spend hours each week repeating the same spelling exercises, words do not stick, they appear as vague shapes not neatly constructed units. Later I see some perks, a free MacBook Pro, a printer and recording device. I am told and later repeat to myself that “40% of self made millionaires are dyslexic”, I am sadly still not a millionaire."
136.jpg,"Titled Beautiful smile of young woman with healthy white teeth over white background by Ukrainian photographer Khorzhevska uploaded on the 24th January, 2014 available on depositphotos.com. The image appears on gazette.com in an article titled How to make teeth beautiful, which goes into how a proper teeth regime can keep your teeth clean and white. Areas the article covers diett, how to brush your teeth, brush type, dental floss and rinsing. “Humans need teeth” was something the dentist said to me at my emergency check up during lockdown, it felt like truism he had repeated many times but also something I should listen to. I have a half finished cap, the core of the tooth is a prosthetic that attaches to the jaw. I am told I need five fillings, i will get around to it. I have neglected maintenance and upkeep. ‘Live life in the now’ can feel like there is no tomorrow. The city looks beautiful at 6am, It is that inbetween time, still tonight but also unquestionabily tomorrow. I am with a friend and some people I do not know. One of them has a Manhattan penthouse and a grand piano, I have been taking their cocaine all night. The sun warms my face as it comes up, everything is still and peaceful for a moment, tomorrow is here yes but for a moment it doesn’t not exist. The Actresses Without Teeth Tumblr blog was launched on the 26th March, 2013, with the first post featuring a photoshopped picture of actress Julia Roberts from the 2009 romantic spy film Duplicity without her upper teeth. Within eight days, the post received over 400 notes. The humorous concept of masking a specific facial feature in celebrity photos was introduced through the Tumblr blog Celebrities Without Eyebrows in December 2009. The earliest known photoshopped instance of a teeth-less celebrity photo was submitted two years later on the 22nd December, 2011 to the /r/WTF subreddit, featuring a doctored version of Arnold Schwarzenegger's yelling scene from the 1990 comedy film Kindergarten Cop. In sitcoms fathers often teach their kids to fight and stand up to the school bully. In prison scenes you must establish your strength by proving yourself in a fight. The fear of being raped in prison is a feature of the prison system. In LA the primary reason I look in my rearview mirror is to avoid the police. The sound of a squad car pulling me over is one that strikes deep into my core. I get pulled over in Vernon for forcing a cop car to swerve as I leave a gas station. Before he gets to my door I turn to a radio station playing classical music in preparation for the performance to authority I’m about to make. He turns the gun in its holster towards me as he knocks on my window. By this point I am fully English again, any softening of the accent has been removed. I am like an overly compliant dog, looking for a chance to prove himself. I turn down classical music, I apologies in every way I can think of, I make it clear that I do not make sense in this particular context, that I am not a threat. To arrest or fine me wouldn’t make too much sense. Eventually the performance begins to pay off, he is letting me go, I am being told to pay better attention, he adds I should watch out in these parts it can be dangerous. I agree. I am deeply thankful for the privilege as i very slowly rejoin the road."
137.jpg,"First found on iz.ru a russian news source on 7th February, 2008 although the link is no longer active. This image also appears in an article on Seven things that a dentist can tell from looking in your mouth published on Wednesday, the 3rd September, 2014, these ‘things’ include anxiety if you have been grinding your teeth and pregnancy. During pregnancy in 5% of cases small red growths appear on the gum which are referred to as pregnancy tumors. They aren't dangerous, although they are associated with increased sensitivity in the mouth. I have been bleeding when i shit for a few months, it is taking a long time for me to get around to get checked up, in part due to covid in part because i don't want to confront it. It is a long time before I get a colonoscopy, by the time it happens I feel okay and the bleeding has stopped, nothing can be found. In the meantime a close friend from University has been diagnosed, it is real for him he is diagnosed with colon cancer and they will start radiotherapy, then surgery, then chemo. I receive updates on his situation through instagram stories, I hope he is okay, this sort of hoping feels washy, vague and meaningless. I must go and visit him when he is ready."
138.jpeg,"Titled 3d rendered medically accurate illustration of the inside of the human colon by SciePro first uploaded on the 30th October, 2019 and available on Adobe stock image website. In one article under this image it reads “Our colon from the inside: Everything that lives here is hard to imagine without a microscope.” From a medical point of view, the microbiome is the entirety of all the bacteria and fungi that live in and on the body of a healthy person. Although bacteria and fungi are often associated with unpleasant diseases rather than health, some of them are actually very important for our health. They colonize our skin and large parts of the mucous membranes of our stomach, intestinal and urogenital tracts. Without the aid of gut bacteria many plants are indigestible. Fecal insertion is the act of inserting healthy feces into a gut with a diminished gut microbe, as if health was something that could be transferred from one party to the next. You are not your microbes, but they are a part of you, it appears each party has come to define each other over the years. The episode of South Park where they try to acquire Tom Brady’s poo by any means possible, it being rich in the healthiest gut microbes. In the episode gut microbes are framed as having mysterious powers, likened to spice melange in Dune or the force in Star Wars. Both a ubiquitous binding power. As the DMT was beginning to fade it was then that i was visited by the giant octopus, the sensation was “this octopus has always been there, but it is only now I am being allowed to see it”. https://urban3p.com/object17246/gallery/ ZKP and communication center Image of an emergency command post and communication center based in the Murmansk region, Russia that was in service until 2000. The site is now derelict, with its equipment either removed or water damaged. The image was uploaded onto urban3p.com a community blog that documents disused military and infrastructure so people might find and explore them. Part of the site includes a list of abandoned villages in Russia of which there seem to be a few, one Badya in the Kirov region was constructed in the 1960s and reached a population of 1000 but now currently sits at 7. The decline came in the 1990s after rising oil prices meant the generator the town ran off was no longer cost effective to run, during this period electricity was only available for short periods of the day. Time Team is on Sundays before family dinner. Archaeology is the act of peeling, removing layers so as to reveal past histories through old walls and found artefacts. As in let us make an elaborate visualisation based on this small fragment of pottery. Tony Robinson from Time Team played Baldrick in Blackadder. In each season the same set of characters are transposed into various times in history, replaying the same relationship dynamic across many generations. Intergenerational influences are chains of behaviour identifiable across generations. Intergenerational trauma is the residue of an event still felt many years on. Looked at this way it becomes hard to identify the individual exactly, instead attributes stretch and blur across generations. Perhaps this is a more accurate way at looking at ourselves, as beings that stretch over simple things like death, that instead inhabit the chain. The image itself is a collage of two images, one of an interior doorway and the other of a rope bridge. The image of the door frame dates from at least the 18th of May, 2010 on styleyourdoor.com a no longer active website. The image of the rope bridge is by Deliormanli a Turkish photographer and was shot on the 13th June 2013. It is unclear when the collage was made but appears on livbit.com in 2015. The image surprises the viewer in the mixing of worlds, a domestic doorway leads to a lush green exterior, as if any doorway might in fact not be what it seems, that it may lead somewhere completely other. To get to Narnia you go through the closet. To come out is to leave the closet. Laying in my bed worrying i might be gay, the sensation is ‘the world as I know it may well end’. My grandmother reads Narnia to us in bed, the story is, ‘a group of young children finding themselves in another land begin to meddle’. During their adventure they meet many characters each with their own agenda. I later learn it’s a Christian allegory, thats not how I read it at the time. It is not a battle of good and evil, it’s just a succession of things that happen. Heroes need villains like you need the other. The other as in just someone you don’t know yet, as in ‘hello my name is’ a fantasy world where you can finally meet. An image of a tree house in Macclesfield, United Kingdom, 2016, constructed by Treehouse Life Ltd. They offer a similar construction costing anything from £25,000-£50,000. The tree house itself is mounted on a single tree which is growing up through its centre. In their press to advertise the perks of having a tree house they write “What child would say NO to a world filled with adventure and intrigue - the chance to conquer the unknown and still have enough energy to live a ‘Treehouse’ life?” They also include a comment from a review by the daily mail ""Don't forget the kids. A tree house at the bottom of the garden will free up valuable space inside"" pointing out that a tree house will free up alone time for adults, while the kids are preoccupied outside. The image is of a log cabin, it is not somewhere real, but something I carry around with me. In a forest near a clearing, its interior is rustic, quilted blankets, wooden furniture and a log burner. I am with a partner, I am cutting wood or doing some other physical activity. In the evenings it is cold outside but warm inside. We are not disturbed, details about logistics of how, and who and where are left hazy and out of focus. My central fantasy appears to be cozy cottage core. A friend asks me to describe my perfect day. I go into some detail about a life. It is one in urban, it centres around work and friends, there is no mention of a wood cabin."
139.jpg,"This image is included on the website of rotunda.co.uk and predates 2013, when it was included in an article about buildings that have been inspired by Yurts by Jetson Green. The building in question was produced by a company called Rotunda Living, a british construction company that specialises in round buildings. On their website when answering why build round they exclaim “Our ancient Ancestral homes were round and beautiful. Yurts, igloos, wigwams and tipis, even our mothers womb……The earliest structures built by all civilisations were round. And for good reason: round structures are more efficient to build and to heat, provide a greater floor area and provide the greatest structural strength of any other form.” Circularity, the movement of air through a building, the way sitcoms restart at the beginning of each episode, behavioural loops. I know I am repeating myself, I am trying but it's impossible not to. I have to edit out chunks of text which go over the same ground, as if the memory of the last telling has been deleted. Retelling the same anecdote is less about communicating an instance and more about insisting on something about yourself. I am thinking now about Reading festival, we are all running in a mosh pit running in a circle, a clearing is forming at the circles centre in which one person runs into. It feels like someone has stepped into vacuum, as in something unsustainable. As the music breaks the crowd runs towards him, crushing him on impact. I remember a flourish of blood, his held jolting back as he is knocked out. Almost in the same motion, the same crowd reverses coordinates, a channel is opening up, he is being carried to safety. Once he is gone we resume the circle."
140.jpg,"Image first found on the 19th February, 2013 and which depicts Spitbank Fort 134-year-old British fortress, located one mile out to sea off the coast from Portsmouth Harbor in Hampshire, U.K. The 134 year old Spitbank Fort was originally used to defend the coast of Britain against ships and light aircraft. Now, after a £3 million (US$4.85 million) makeover, it has been transformed into an exclusive island retreat. The Fort was once home to nine 12.5 inch muzzle loading guns, which were later replaced in 1884 with more modern 12-inch breech-loading guns, that remained in service until after World War I. In 1982 the Ministry of Defense decommissioned the fort and since then the historical landmark has been in the hands of private owners. The current owners bought the fort in 2010 and after extensive renovations, a hotel was opened in 2012. Portsmouth, the industrial coastal fort town near where I grew up, I'm going to the army surplus and later to buy skater shoes, despite nearly never skating. They are flying Spitfires over the fortifications on the anniversary of the WWII, it is a grey and poor city. My father loves the Matalan, a cheap clothing outlet where my he buys his jeans and shoes in bulk. Me and my sisters joke the shoes he buy make him look like Herman the monster from The Munsters. He counters by going into the disco to pick them up, the monster is in public and he is coming for them. Afterwards an argument ensures."
141.jpg,"Posted on Twitter at 11:15am on the 23rd April, 2014 by @the_globe the official Globe Theatres twitter account. The post reads “No birthday is complete without cake.Have you baked the Bard a cake? Send us a picture #cakespeare”. Sir Toby Belch in Twelfth Night roars out, “Dost thou think, because thou art virtuous, there shall be no more cakes and ale?” Cakes and ale are synonymous with the good life. The word cake often used as a metaphor for 'a good thing' - as in 'take the cake' or ""Qu'ils mangent de la brioche"" meaning ‘let them eat cake’, a phrase said to have been spoken in the 17th century by ""a great princess"" upon being told that the peasants had no bread. A performance of the Twelfth Knight at Stratford Upon Avon, staring her uncle who was also an actor. When I first met the family I was nervous, he sat with me and put me at ease. Actors gain insight by pretending to be other people. I noticed that at times she would bring home a new role, that i would find myself in bed with someone else, her physicality and attitude shifted in subtle but significant ways. Although sometimes jarring, the experiences was also revealing. As in being someone else told you something about yourself."
142.jpg,"First found on the 8th August, 2013 on press.shakespearesglobe.com although the link is no longer active. The image also features on BBL1.co.uk, the company who did the construction work for the rebuild of the globe theatre in 1997. The Globe Theatre was a theatre in London associated with William Shakespeare. It was built in 1599 by Shakespeare's playing company, the Lord Chamberlain's Men. The Lord Chamberlain's Men was a company of actors for which Shakespeare wrote during most of his career. Richard Burbage played most of the lead roles, including Hamlet, Othello, King Lear, and Macbeth. Formed at the end of a period of flux in the theatrical world of London, it had become, by 1603, one of the two leading companies of the city and was subsequently patronized by James I. We meet in the bar after the play, it is a nightly ritual needed to unwind. A glass or two is all it takes too disperse or redirect energy built up during a performance. Actors like everyone else often keep performing when they drink. Many years later in LA I too am ‘winding down’ at the end of each evening, as in a few beers wont hurt. Although recently it is hurting so I stop. It is not abstinence that is tricky its modernisation. I feel out of control in one side of my life, so controlling my alcohol intake is a balancing act. I have not written much about this period of two years, I do no have many memories of it, when I imagine myself I am distant, far away, I am watching myself get into the car from across the street. It is a period characterised by ‘going along with it’, I am being buoyed along by other people, I rarely instigate things myself. My work suffers. I am trapped. I will not gain a sense of control for another four years. First appearing on an article My Reluctant Performer by Caroline Pigott uploaded on the 7th January, 2017. The image is a compiled visulatiostation and depicts a small girl standing on stage emerging from behind a red theatre curtain. The article reads “You know how some kids seem like they’re born performers? I know I’m one of thousands or millions of moms who look at my kid and think “he could seriously be a rock star if he wanted to be”. Ben can be timid but he’s also very comfortable rocking out to my favourite Coldplay songs in the car or getting his Lego figures to dance on the kitchen table. So, when we attended this year’s holiday concert at his school, I was surprised that he had stage fright.” “I can see he loves it, but he is still reluctant to go ‘all in’. Someday, though, I know I’ll be watching him on the stage!” “Are your kids shy in front an audience? Or do they love the spotlight?” I am seven in church for the reading, I’m fine until the moment before, at which point my body turns against me, I’ve been sabotaged, I bungle it. I am getting ready to be a guest on the podcast, before it’s fine, all catching up and how are you. It is at the sight of the microphone that shifts something, an object about to distort, emitting waves that elongate and confuse my words. I am told practise is what I need, although I am not convinced."
143.jpeg,"Titled Dancing actor in tights on stage under a spotlight in a theatrical mask of tragedy. Loneliness concept. Vector illustration with white & gray on a black background in cartoon, flat & hand drawn style and uploaded to stick.adobe.com on the 7th May, 2020 by Николай Шитов. The image depicts a mime artist on stage, miming involves acting out a story through body motions, without the use of speech. Charlie Chaplin, Harold Lloyd, and Buster Keaton learned the craft of mime in the theatre, but it is through film that they would utilise those skills, in turn having a profound influence on miming. Every time i touch my phone, I say to myself ‘stop touching your penis’. As a child I would suck my thumb, touch my penis, pick my nose, as evidence one nostril is still slightly larger than the other. I tell myself I am a happy person, or at least thats how I frame it to myself. It requires me to do some investigative work to prove to myself otherwise. Articles of interest include, she comments I am ‘dark and stormy’, which although makes me think of a cocktail may well be true. As the closer they get, the further I go in. I am in bed now, I have retreated into compulsive behaviour again, I am on autoplay. I know I need to get out of, that I will eventually get out of it, but not now, now I just need to be still and let the next episode begin."
144.jpg,"Titled Funny Concept With Theatrical Mask by Elnur Amikishiyev for Alamy Stock Photo uploaded on the 8th July 2014. Tags for this image include mask, theatre, impostor, espionage, disguise, fake, identity, businessman, comedy, curtain, fraud, hypocrisy, tragedy and anonymous. As these tags suggest a mask is a useful metaphor for an anonymous action. A Guy Fawkes mask is used by the group Anonymous as a symbol of the anonymity that is at the core of their operations, a vital weapon in pursuit of hijinx, political actions and investigative hacking. Prank is a practical joke or mischievous act. I suspect that they, my close friend may well be up to something, I must be on the look out. I receive a call from an administrator, I have been asked into the head masters office on a serious matter, phones are stolen and messages sent, one such message results in a serious conversation with his mother, unbeknownst to him he had come out. A back and forth phrased as a joke continued for several years in which affection is communicated through acts of aggression. Mistrust is exhausting, I want out, but it will take me several years it figure out how, which is to say to stop. I cut myself off from this group for several years."
145.jpg,"Still from video The MASK - First Transformation (2019-2020) Best New Special Effects by by channel JMMates. The video is a homemade recreation of the scene in the film Mask, 1994 in which actor Jim Carey is transformed into a cartoon-like character that allows him to pursue his innermost desires. The id is the instinctual component of personality that is present at birth, and is the source of bodily needs and wants, emotional impulses and desires, especially aggression and the libido.The id acts according to the pleasure principle — the psychic force oriented to immediate gratification of impulse — defined by the avoidance of pain. It requires energy to suppress a desire, it can be exhausting, as in to hold down and restrain. I am suspicious of orderly people, suspecting it is an act designed to constrain. The inverse is also true, those who unable to suppress decide to make a run for it, as in all gas and no breaks, as in all release and no control, as in eventually assured destruction. I want it, let’s see how far I will go to get it. I’m told as children a negotiation is made that goes something like “son if you stop touching your penis, if you forgo these little instant gratifications, and step in line well… who knows, the sky really is the limit, id don’t see why we can’t talk presidency or some other shorthand for power.” This illustration is from The Incredible Hulk, 1996 and depicts the transformation of Dr. Robert Bruce Banner into the Hulk. The Hulk is a fictional character and superhero appearing in publications by the American publisher Marvel Comics. Created by writer Stan Lee and artist Jack Kirby, the character first appeared in the debut issue of The Incredible Hulk (May 1962). In his comic book appearances, the character is both the Hulk, a green-skinned, hulking and muscular humanoid possessing a vast degree of physical strength, and his alter ego Dr. Robert Bruce Banner, a physically weak, socially withdrawn, and emotionally reserved physicist. The two exist as independent dissociative personalities, and resents the other. In The Will to Change by bell hooks the boys asked if they had the power of the Hulk what they would do with it, they responded ‘smash mommy’ or something to that affect. I am angry with my mum who is in the bath, I am smashing at the door, I am crying, my entire body is angry with her and her inability to commit to getting me rollerblades for Christmas. I am having what the family call a tantrum or hissy fit, oddly inconsolable, I lock myself in my room, my body sort of shaking. Such a brat. These episodes are alien to me now, rage if I can be said to have it is hidden from me, I suspect cloaked at the edges of other emotions."
146.jpg,"Titled Drunk Young Handsome Man Resting on Couch in the Living Room with Head on the Floor. Shirtless was first found on the 10th November, 2016 bigstockphoto.com by ArtOfPhoto. Tags for this image include drunk and lazy. The image depicts a shirtless man passed out on the floor with his legs still on the couch. We can well imagine this is the morning after a large alcohol fueled night in which he passed out on the sofa. We are left with the question of why his shirt was removed, perhaps the last stages of a romantic liaison or perhaps as simply a means to cool down. The inclusion of the tag lazy also suggests our protagonist may be over sleeping, has commitments elsewhere is unable to meet. The Dude from the Big Lebowski, it also exists as a thread in Disney, the bear from Jungle book, the warthog and meerkat from the Lion King “a cooma matata, what a wonderful phrase”. I stopped smoking weed at the age of 18, firstly because of the whiteys, the inexplicable desire to vomit and secondly because on some reflection it didn’t suit me. As in smoking was a small betrayal of my more energetic self. The E in ENFP, I will admit I am an extrovert, which can feel oddly shameful, as in an accusation of lack of depth. An over enjoyment and identification with the surface of things. I am protesting this idea now, depth I am saying is a need, surfaces are just a past time."
147_.jpeg,"Titled Germany, Man Taking Medicine, Close Up by Westend61 first found on a1.ro on the 23rd of April, 2011 although the page no longer exists, it is available on f1online.de a German stock image website. The image depicts a man who is seemingly sick or hungover about to take a white tablet with water. One eye is more open than the other suggesting a sense of internal pain, perhaps a headache, which the pill is aimed at relieving. I was once told that one eye naturally resting more closed than the other is called warriors eye. As squinting to aim. In reality it is a condition called Ptosis, which effects the muscles of the eye, in its most extreme cases often in age the muscle can separate completely from the lid, and requires surgery. The point where things stop being sexy, where the things you wore, said and did no longer are inappropriate, perhaps even unsettling. My housemate surmises we must each elect someone to follow, who we feel has aged well. He has elected Christopher Walken, i have not selected mine yet. First recorded use on ehow.com on the 23rd of April, 2008 although the link no longer works. This image appears on various pages including freelifehacks.info in an article on how best to treat a hangover. In its list of 19 tricks to cure a hangover Alka-Seltzer is rated at number 17. In a scientific paper that looked at the effects of Alka Seltzer on hangovers it concluded that it is a drug that works both as an antacid and analgesic that will help with aches, pains and indigestion although it will not prevent or “cure” a hangover and does not help other symptoms associated with hangovers. In the years we both drank he would often prepare the cure as he called it in the morning. Alka Seltzer. For many years my parents would tag team, taking turns giving up alcohol, somehow defining themselves in something the other didn’t do. It is the same with us, we are defining ourselves as something the other is not. In the last year this has reached an extreme. On the flight I give it not thought, but within 24 hours of arrival the relationship is over. It is as if I become aware of the decision only after the fact, like my conscious brain unable to accept a reality must for a moment give over control to my subconscious, who better versed in the dark arts gets the job done. I remain a little out of control for the following months."
147.jpg,"Titled New life is first found on gettyimages.com on the 4th May, 2015 by kutaytanir. The image depicts the point at which a group of sperm make contact with an egg, in this visualisation it is unclear at whether any sperm has penetrated the surface of the egg. There are about 40 million to 1.2 billion sperm cells released with every ejaculation although only 2 million on average will reach the cervix, around 1 million actually make it to the uterus of the 1 million sperm that reach the uterus, about 10,000 make it to the top of the uterus. of the 10,000 sperm that make it to this point, around half of them actually go in the right direction heading to the egg cell of the nearly 5,000 sperm that make it into the utero-tubal junction, around 1,000 of these reach the inside of the Fallopian tube of the 1,000 sperm entering the tube, only around 200 actually reach the egg. In the end only 1 lucky sperm out of this group of 200 actually penetrates and fertilizes the egg! Steven Fry agains the catholic church, the Catholic Church against contraception. The idea that children are necessary in an ongoing ideological war. The fear of producing suffering through reproduction, like graphs that show exponential growth. In biology we are being told of the two outcomes for bacteria after such growth, one Is a total collapse the second the second is a plateau, a roof, a sustained evening out. I say I want reproduce but I am seemingly unwilling to bare the cost, as in ‘what are you willing to sacrifice’. So far nothing it seems."
148.jpg,"Titled Cell Division By Kornny this image first published on Deviantart on the 29th May, 2011. The image depicts cells replicating although there is no information as to the nature of the cell in question. Replication occurs in three major steps: firstly the opening of the double helix and separation of the DNA strands, the priming of the template strand, and the assembly of the new DNA segment. During separation, the two strands of the DNA double helix uncoil at a specific location called the origin. Cancer is the unwanted or unregulated replication of cells. There are people out there who want you dead, KFC Is opening a brand new fried chicken hotel, complete with a 'Press For Chicken' button. I am concerned my phone may be radiating my testicles. A friends mother develops a brain tumour that will eventually kill her, a possible yet unproved culprit is a 90s portable house phone. 5G is a conspiracy about the radiating effects of telecommunication infrastructure. Paranoia is defined as unjustified suspicion. It is hard to keep your head if its being radiated. I do not believe in 5G conspiracy, but I also worry about how easily I trust. As in the book The Black Swan and the impact of rare events, that although likely do sometimes happen. Tilted Sun in Outer Space stock photo by Mode-list this image is first found on istockphoto.com on the 25th of May, 2016. In the description it reads “View of sun in outer space in a star field. Elements of this image furnished by NASA”. A starfield refers to any set of stars visible in an arbitrarily sized field of view of a telescope, usually in the context of some region of interest within the celestial sphere. Starfield is also a name given to a Canadian Christian music group, a community in Missouri, a brass band, a chinese shopping mall, a technology company and a video game. God not as an abstract form, but something experienced through an encounter. Beatrice was a woman Dante first met at the age of nine, unknown to her she would become his container. Members of the family would wear a course vest to get closer to god. Somethings like eclipses cannot be experienced directly, you must wear glasses to block out the harmful ultraviolet rays. Some relationships I must have through things, like board games or an interest in tropical fish. On rare occasions I admit it can be direct, as in eye contact and no words, or laying on your chest. Still of a video titled Shock wave explosion from the center look like flame and in circle of fire heat wave with ray radiant glowing around look like supernova from the sun cyan orange color on black background by PeoGeo is available on shutterstock.com as a short video. A supernova is a powerful and luminous stellar explosion. This transient astronomical event occurs during the last evolutionary stages of a massive star or when a white dwarf is triggered into runaway nuclear fusion. If the star is massive enough it can collapse directly to form a black hole without a supernova explosion in less than half a second. People can be blackholes. Do not feed people who are blackholes, they have insatiable appetites."
149.png,"This image appears on an article on tattoo.bletak.info on the 17th November, 2017 titled Can You Get a Tattoo Under 18 With a Paals Consent, although the link is no longer active. The image also appears on aaaluxerolex.com in a list of 30 Eye Of Sauron Tattoos. JR Tolkien wrote of Sauron that “In my story, Sauron represents as near an approach to the wholly evil will as is possible. He had gone the way of all tyrants: beginning well… desiring to order all things according to his own wisdom… but his pride became boundless.” People believe they are doing the right thing most of the time, even if their logic is bad, which is to say born out insecurity. Bad logics include “I am staying in this relationship because I do not want to upset them” or “I said yes because I couldn't think of a reason to say no” or some other statement designed to justify a dubious logic."
150.jpg,"This image appears on nezabudkasnv.eu on a page with a title Causes Of Vaginal Cramping, although the text on the site reads “Cute blonde in lingerie get facefuck. If you had an orgasm, its not abnormal to feel mild discomfort and cramps in your lower abdomen. I got real teen girls, girlfriends and wives. If you are currently having cramps during or after intercourse, here are the possible causes.” The text is an odd mix of the pornographic and seemingly medical. The page itself included a catalogue of images of vaginas all medical or diagramatic in nature. Other pages on the same site are more traditionally pornographic. I is before I am five, I have a vivid memory of the book, there is a cartoon diagram of a naked boy and girl. The girl that I sexualise has a black bob and blocky pink body. In the same year my male friend and I would role play being Goldie Locks or my sister's friend, we kiss each other and touch each other's penises. This activity is brief and stops shortly after we move house. In these small experiments I have already begun to feel the edges of my sexuality, an energy that I will have to carry from this time on. Excite Clitoris is available on sylvie-monthule.com for € 96.90. In the description on the website it reads “the jewel slips deliciously between your labias, whatever the morphology of your sex…. Take care to position the blue ball huddled in the jewel, under your clitoris. You play with the blue ball: Your fingers touch the moving ball, making it turn… you choose the intensity of your pleasure. The first movements of the ball caress your clitoris, rub it, stimulate it. It begins to stand up… It's up to you to tame the jewel! Massages, rubbing, slow or fast rolling back and forth… Your clitoris quivers, rises, throats with pleasure, palpitates! And apotheosis… your pleasure is visible and your partner will be able to admire all its beauty…”. The resin ball is Hypoallergenic and measures 24mm in diameter. The grass is always greener, the orgasum more intense on the other side. Men have 100 nerve endings, women a thousand. Circumcision reduces the number of nerve endings by about 60%, everyone's understanding of pleasure is different. The only chapter I have read of the Karma Sutra was about compatibility, how some people's genitals are a better or worse fit with other people's genitals. Compatibility is pot luck, I have broken it off with someone because of their smell, as in, I will never be able to tell you this, but i am unable to have a relationship with you because on some deep biological level i am experiencing the sensation of repulsion."
151.jpeg,"This image depicts a Scarab ring now in the Louvre Museum. The scarab ring was popular in egypt during the old kingdom (2700-2200 BC) and is thought to represent the god Ra. Identified primarily with the noon-day sun Ra was believed to rule in all parts of the created world: the sky, the aarth, and the underworld. He was believed to travel across the sky in his solar bark and, during the night, to make his passage in another bark through the underworld, where, in order to be born again for the new day, he had to vanquish the evil serpent Apopis . As one of the creator gods, he rose from the ocean of chaos on the primeval hill, creating himself and then in turn engendering eight other gods. Its routine dummy, the collection of daily habits that make up reality. It is too easy to not take routine seriously, to think you’ll be the same in all environments. To act as if you were an independent entity, somehow only existing in that body of yours. Rose tinted spectacles are a way of looking that expunge and remove the bad bits. I cycle 16 miles a day to college, we live together, but I have space as she is traveling much of the time. I am working intensively, once a month I make enough money to live installing exhibitions. I become used to this rhythm. Like all moments it breaks, coming to a stop when we move. In ending it becomes contained, runs the risk of idealisation, I must learn to take the good bits but not to idealise the whole. Or I become a ware it runs the danger of toxifying, spilling into this present moment, as something better and unachievable."
152_.jpeg,"This image of a Blue Beetle was uploaded to flickr.com on the 20th June, 2013 at 16:45:21 by jacilluch. This image depicts a Anoplotrupes stercorosus, the Dor beetle, a similar size to the common dung beetle the Dor beetle can mainly be found in forests throughout europe. Blue Beetle is the name of three fictional superheroes who appear in a number of American comic books published by a variety of companies since 1939. who initially gained super powers from a special vitamin, which was later changed to gaining powers from a ""sacred scarab"". The original Blue Beetle was featured not only in his own comic but also in a weekly radio serial. Poppey would get his power from spinach, a 2010 study revealed that children increased their vegetable consumption after watching Popeye cartoons. For the first years of my life I would only eat beige and brown foods such as porridge, peanut butter and macaroni cheese. I was often suspicious or overwhelmed by taste and put items on a long list of ‘stuff I don't eat’. Later perhaps due to a loss of tastebuds, or perhaps out of some new found confidence I decide to not reduce the list, but remove it entirely. I am willing to try, I am open to experiment, I am saying yes to food. The results being I take pleasure in most tastes bar kidneys and offal, which for whatever reason I cant abide."
152.jpg,"Image of dung beetle found on the 13th December, 2010 in an article on iol.co.za by Caroline Hurry. The dung beetle uses its head and legs as ""sculpting"" tools, shaping the poop until it has a perfect spherical shape. Then, the scarab's hind legs will be used to roll the round poop. By using the Sun as a ""navigator"" instead of a fixed landmark on the ground, they can roll dung in a straight line back to their burrow more efficiently. When the Sun goes down, the scarab can switch to using the Moon as a ""navigator"". Dung beetles can also navigate when only the Milky Way or clusters of bright stars are visible RE class. The pilgrim's progress a story of a man’s spiritual journey. A large burden something carried, a metaphor for his sins. Sin the record of past events, actions responsible for and various other tidbits. Finding language to describe moments you have betrayed yourself. Finding language to let go. Gabe Mate “If I was you, I'd be you” the knowledge that you could have never acted any differently than the way you did. At one point in the pilgrims progress the burden he carries falls away, I cant remember what causes it, but I envisage it as some sort of inner peace found, some letting go."
153.jpg,"Titled Businessman pushing a bubble with fat man running in it by Andrea Piacquadio a German photographer. The image depicts a thin young man pushing a transparent bubble up a hill containing a larger man in sports clothing. Although it is unclear exactly what this image means or how it might be used, one interpretation is the young man and his bubble represent emergent technologies that are aiding the larger runner to achieve his sporting goals, another interpretation is that the young man is in fact some kind of demon who has trapped the larger man in a bubble, forcing him to run for eternity. The Whatsapp group is called ‘I Love You’, the messages a consistent reminder. In covid I find myself in a bubble in a small bubble, our friendships deepens over the year. Busy rooms and acquaintances feel like a distant memory. We hang outside each other's houses, eventually illicit dinner parties, there is a sense that this is all we had needed in the first place, that everything else before had been an unnecessary distraction. Now that time feels distant, reality is back, the depth of those few people receding into the background again of instastories and messages of approval. But its okay, I trust, we’ll find each other again shortly. In this image by Melvin Sokolsky, Simone wears an outfit by Philippe Venet on the River Seine, Paris for the publication American Harper’s Bazaar, in March 1963. Philippe Venet was a fashion designer and longtime partner of Hubert de Givenchy. Venet moved to Paris in 1951 and was employed as a cutter at Schiaparelli. There he met Givenchy, who he followed when the aristocratic designer established his own maison two years later. Venet was a head cutter at Givenchy until 1962, when he too went solo. Venet, who dressed the social set and “all the Kennedy ladies,” as one reporter put it, infused conservative clothes with a youthful spirit. “Calm but gay [happy],” was fashion expert Eleanor Lambert’s description of a particular collection. That also sums up the overall Venet vibe. The designer was open to the new, effectively using plastic, then a novel material, for embellishments. I hate this conversation. I become an argy bargy in the build up to the England Argentina game world cup 1998, it is important I remember my difference. I do not feel Argentine, but saying that I do not feel that English either. Instead I reside at to a mid point, which is to say a nowhere. The accent is Th becomes F and all the i’s are disappearing. I changed that for Oxford, as in game you play to fit in. I do quite well. I am drunk, an American artists is accusing me of coming from wealth, as if that were to render what you make insignificant. He has hit a cord, my response is purely emotional. I am filled with the sensation of being misunderstood. I am being made fun of, it is being a child again, I do not know how to escape the sinking feeling. The alcohol is not helping, I am having my fears and anxieties affirmed. He doesn’t not understand I am on his side, I too hate the thing inside of me. Dress by André Courrèges, 1965. In 1964, when the space race and the women’s movement were still in their infancy, Courrèges unveiled his “Space Age” collection of A-line dresses, drop-waist miniskirts, peg-leg pants and flat soled go-go boots. ""You don’t walk through life anymore. You run. You dance. You drive a car,” he explained “Clothes must be able to move too.” The Moon Girl look, as it was known, was cheerful and clean, mostly in clinical white accented with vibrant fruit tones of lemon, lime, raspberry and tangerine. But everyone in the fashion establishment loved Courrèges. “This man destroys women!” Coco Chanel scoffed. “He turns them into little girls!” Of Courrèges' mod mini-skirts, she scoffed: “There is nothing uglier than a knee.” The idea of real space travel is depressing to me. Solarise is a story about a planet that manifest psychical forms based on the psychic objects. Space Odyssey 2001 is a story about a next marker of human evolution in space. In both the great beyond is a rich metaphor in which to test ideas of ourselves. Over the course of lock down I run a role play on instagram, participants communicating speech and actions, through images posted and messages sent. Seed pods are small vessels by spaceX which courier new settlers to the Mars colony, it is free to go but it is a commitment for life. Types selected are multifarious, although all share a common desire, to leave their life on earth behind. I am the ships computer, “I regret to inform you that the oxygen supplies have been damaged during launch”… It begins."
154.jpg,"Still from the second Austin Powers film The Spy Who Shagged Me, 1999 directed by Jay Roach starring Mike Myers. The film is a comedic parody of the James Bond franchise and tells of a secret agent Austin Powers, a 1960s secret service agent battling against Dr Evil. In the first film the character Austin Powers is placed into cryostasis in the 1960s and wakes up in the late 90s to fwart Dr. Evil. In the second film a reversal occurs in which he finds himself back in the 60s with the use of a time machine. In both films the movement through time is disruptive to him personally as he struggles to acclimatize to his environment. The first two films grossed $379 million in worldwide ticket sales. The moment you form your ideological self, as in the moment you attempt to insert yourself into any given cultural context. They are boomers, forged in the late hippy period, a time that is already nearly over when they arrive. Retired now my mother appears to be reconnecting to something, she has joined Extinction Rebellion. She protests regularly, I sense she is energised in a way that I have not seen her, her friends glue themselves to offices of oil companies, other block traffic, they are frequently arrested. Freedom is not giving a fuck. Im excited for her. I hope she finds the confidence to take the magic mushrooms I gave her for her birthday."
155.jpg,"Self portrait by Max Eliche found on onli-vk.ru on the 16th November, 2010. Over ten years ago, he had recently been married and had his first child. His profile on onli-vk.ru has not been active for some time although he does now have an active profile on instagram which he uses for a Russian online marketing company called Spaces Marketing. Max Eliche is the director of Spaces Marketing that specializes in building websites, corporate branding and packaging design. On the company’s instagram page it says he is known as ""pusichka""! Which translates as pussy cat. Since this photo Max Eliche has grown a beard, changed the design of his glasses and put on a little weight. I will just starting talking at the beginning of a therapy session, let us see where it takes us, where my mind wants to go, later we can reflect on the why and what was said. Of course all work can’t help but be a self portrait, each manifesting a unique set of compulsions in their own special way. And it is the biography by which we have come to see these object through, as if it supplied a key, the answers to question of how to perceive. The biography is the medium after all, an extension of the message. It is unclear to me what I am doing here, perhaps attempting to overload the system, to burn out the wiring with too much information. Perhaps it is a plea for mercy or forgiveness. In this instant as I am writing it feels like a caring act, as in to build a nest or prepare a bed. I suppose I will out to wait and see. www.insight180.com adobe Photographer Taking Pictures by Aitsahed was first found on insight180.com a marketing website on the 18th March, 2016. The image is a composite of two images, one of the hand and lens and the other the background. This same hand is present with various different variations. This image is used on several photography websites, one has an article titled The Truth Of Using Less Gears by Federico Alegria on the 29th October, 2016 which details the advantages of using prime lenses, the reasons he list includes simplicity of use and the idea that by reducing your options you might increase your creativity. Lens are objects that change the way you see, bringing objects closer or further away, sometimes tinting. Polarising lens darken the sky and increase contrast. In Valis by Philip K Dick, the main character breaks with his own time, flung back to Europe during the Roman Empire. The line “the empire never ended” is repeated again and again. The Roman Empire is expanding, crushing smaller less organised tribes along the way. I'm not 100% sure what it means, but I suspect the empire is an expansionist mode, the will to dominate that eventually takes over all other ways of seeing, stamping them out, bringing them into in line. Found on the 10th October, 2018, titled Save Download Preview Bright colorful portrait of medieval explorer Christopher Columbus at the happy moment of discovery of America, October 1492. Sailor holds a naval telescope by Oles Kalashnik available on Shutterstock. On August 3, 1492, Italian explorer Christopher Columbus started his voyage across the Atlantic Ocean. With a crew of 90 men and three ships—the Niña, Pinta, and Santa Maria—he left from Palos de la Frontera, Spain. Columbus reasoned that since the world is round, he could sail west to reach “the east”. Although that reasoning was sound, the earth was larger than he envisaged, causing him to run into a new continent. Columbus made it to what is now the Bahamas in 61 days. He initially thought his plan was successful and the ships had reached India. The reasoning for him calling the indigenous people “Indians,” an inaccurate name that unfortunately stuck. Tony from the Sopranos has been shaped by the violence he grew into. His therapist diagnoses him with antisocial personality disorder (APD) which is characterised by impulsive, irresponsible and often criminal behaviour. Those suffering from APD have often been abused or neglected as children. In being denied access to care a deep seated insecurity pervades. This world is inherently bad, do not trust or you will be burnt, do not show weakness or it will be taken advantage of. It is perhaps an environment better suited for making weapons than people. Evidence suggests behaviour can improve over time with therapy, even if core characteristics such as lack of empathy remain. http://www.bobeggleton.com/mainframe2.html https://en.wikipedia.org/wiki/Bob_Eggleton"
156.jpg,"This image is titled Strength of Stones, 1991 by Bob Eggleton a science fiction illustrator working in the United States. Eggleton's drawing and paintings cover a wide range of science fiction, fantasy, and horror topics, depicting space ships, alien worlds and inhabitants, dragons, vampires, and other fantasy creatures. His view on space ships was that they should look organic, and claimed that as a child, he was disappointed with the space shuttles and rockets NASA produced; they were nothing like fantasy artists of the twenties and thirties had promised. Our bodies an advanced technology able to port into others and things, facial gestures and body language are a convenient interface able communicate over short distances. Language a layer on top, is capable of many degrees of abstraction. In Existenz players port consoles into their spinal columns to play games, the internal imagination of a dream is infinitely more convincing than any virtual reality I have played. It is important to remember knowledge is organic, it is never purely flat or analytical, instead it is better perhaps thought of as multi dimensional, playing itself out within the body, across the mind in a myriad of emotional markers."
157.jpg,"Titled Genesis with the tag line “What if planets were grown out of other planets?” by Zach Bush, 2009. Zach Bush, a freelance illustrator, is based outside of Washington D.C. On Zach’s artstation.com account a user questioned the authenticity of the image and the account, Zach explained he had only recently uploaded it as he no longer wished to pay for the server costs of his own website. Zach describes himself as a perfectionist who has refined his artistic skills working in a corporate environment. In Hitchhiker's Guide to the Galaxy there are beings that fabricate planets to specification, entire worlds generated to facilitate a customers desires and tastes. In LA I am struck by the worlds the wealthy build for themselves, houses only tangentially connected by road, each plot is its own little personalised reality. The city closely resembles the internet in that way, any reality is available to visit all that you require is the address and perhaps an invite. Patchwork. When I close my eyes now and build my own house it resembles the Weasley’s, a mutated cottage, full of irregular but warm and comforting rooms. Again the pastoral fantasy repeats itself, a desire to go back, but also rearrange. Black-headed Gull by imagenavi available on stock.adobe.com since 2019, although the earliest recorded use of this image is from 2008. This image does not depict a black headed Gull, whose head and beak is predominantly black. Gulls nest in large, densely packed, noisy colonies. They lay two or three speckled eggs in nests a year. The young are precocial, born with dark mottled down and mobile upon hatching. Gulls are resourceful, inquisitive, and intelligent, demonstrating complex methods of communication and a highly developed social structure. For example, many gull colonies display mobbing behavior, attacking and harassing predators and other intruders. In the film Birds by Alfred Hitchcock the birds collectively attack humans, identifying them as a threat. To collectivise it to find strength in others and utilise that power for shared political ends, as in we are one body. The contemporary subject of the Hipster has internalised a paradox, at once part of the group while rejecting them at the same time as in “love the coffee there” and “but it’s full of hipsters”. The body relaxes when it walks into a room of people who look similar to you, while in the same moment the conscious mind protects the individual with an act of removal. It is in this state a generation becomes fractured, their body and minds diverging, it is in this state they become susceptible to control. flip image"
158.jpg,"First found on imgur on the 2nd November, 2014 with the title Russian Military Planes Create Angel In The Sky. Various other images of vapour trails have been interpreted as being angelic and are often used to illustrate articles on angels, the divine and other spiritual matters. In angelic-guides.com one such image is used to illustrate an article title Clairvoyant, clairsentient, clairaudient- which one are you? by Dr Taryn Crimi February, 2014, in the article she states “Clairsentience can be described as the ability to perceive messages from the higher realms through feelings, downloads and energetic fields. Those who are clairsentient often will perceive even the most subtle of changes in the energy around them… Those who are clairsentient also regularly receive messages through strong gut feelings or a sudden inner knowing to a question they had consciously asked. Some like to refer to these sudden inner knowing as an instant download of energy. “ To be an empath, is a draining super power in which you are forced to carry burden of other peoples emotions. Men score on average score distinctly worse on an empathy test, less able to read the many thousands of micro signals that make up a persons unconscious response. When being accused of something I am told I will look slightly to the side and go blank, I know it is happening but I go somewhere else, I only half remember these moments. The Window of Tolerance outside of which physical and emotional arousal are intolerable causing a collapse. In this state you will be unable to learn, love or relax. You must tell someone when they are getting to close, we’ll try again tomorrow, perhaps then we’ll get a little closer."
159.jpg,"Image of Icarus available on various desktop wallpaper websites, author unknown, earliest recorded use on the 4th February, 2013. Icarus was the son of the master craftsman Daedalus, the creator of the Labyrinth. Icarus and Daedalus attempt to escape from Crete by means of wings that Daedalus constructed from feathers and wax. Daedalus warns Icarus first of complacency and then of hubris, instructing him to fly neither too low nor too high, lest the sea's dampness clog his wings or the sun's heat and melt them. Icarus ignores Daedalus’s instructions not to fly too close to the sun. The wax in Icarus’s wings melts. He tumbles out of the sky, falls into the sea, and drowns. Thus sparking the idiom, ""don't fly too close to the sun"". Fingering wax from a candle, the slight pain an enjoyable sensation. During sex the pain of a slap is often interpreted as pleasure while the same slap in a different context is a betrayal. It is still hard for me to vocalise my boundaries. Of course they are basic, like the discomfort with an action or a need for space, which once thought I decide to stupidly swallow. Regurgitation is the act of bringing something back up, unable to keep it down indefinitely. In this state I am repulsed by her proximity and feel it across my skin. I have learnt that if I can identity and not give myself over to the experience there is hope, as in ‘its happening again I need a little space’. From here we might be alright, the sensation will fade, my cortisone levels returning to some sense of okay."
160.jpg,"Child Dreams of Flying by Alexandr Vasilyev available on stock.adobe.com. The image depicts a child with pilot's goggles and hat while wearing wings. The title implies that the child is imagining himself to be able to fly, to leave the surface of the earth and experience things from a birds eye view. Flying dreams and the ability to control your flight is representative of your own personal sense of power. Your ability to fly signifies hope, possibilities, reality and freedom of expression. It may also reflect your strong will and is a reminder for you not to give up. Nobody can tell you what you cannot do and accomplish. Such dreams can provide great motivation and renewed sense of freedom. At my uncle's funeral they flew over in a Vulcan, a giant cold war plane used to monitor Soviet territory by the UK. It is so large that it appears to defy gravity. With each pass it sets off the car alarms vibrating the air beneath it. This is the Vulcan’s last flight, its technology now dangerously obsolete. Making art with technology can be painful, as each generation makes the last obsolete. A live feed is a living things and must be cared for. Ian Cheng compared it to creating and tending a garden, something to care and nurture that if left will die from neglect. Rigged 15 Year Old African Boy Version 2 by Carrara1 and was first found on TurboSquid and 3D model asset website on the 4th February, 2014. “This is a model of a realistic base mesh of a 15 year old African boy, version 2. It is a fully rigged and ready to be animated, realistic and very highly detailed male character. It is low poly optimised. The mouth, tongue, face, cheeks and eyes have also been rigged, and is ready for animation.” The puppy is fuelled by an over abundance of energy, he must run in circles in the yard to release it from his small body. This over abundance exists as a distant memory tied to physical pursuits, such as tree climbing, den making and a variety of other outside activities. These for the most part stop on the eve of puberty. I am15 and frustrated my voice remains high. I have newly found friends who allow me to join their indie band even though I cannot play an instrument. They name themselves Alternative Car Park!!, it is a terrible name in my opinion then and now but that isn’t important. After school our paths diverge, they stay in the place where we came from, I leave. We do not keep up a correspondence, to move forward we are letting go of each other. This is something I have repeated various times in my life, an anxiety at being tied to one group, to one moment, to one place. The line is “I must keep moving” or “I care for you, I will be back, but for now I must go”."
161.jpg,"Titled Vitruvian Man High For 3D Printing 3D print model by anavriN 27th, September, 2014 and is available on cgtrader.com. This image is a 3D interpretation of the Vitruvian Man by Leonardo da Vinci, 1490. The drawing represents da Vinci's concept of the ideal human body proportions and was an attempt to relate man to nature. Encyclopædia Britannica online states, ""Leonardo envisaged the great picture chart of the human body he had produced through his anatomical drawings and Vitruvian Man as a cosmografia del minor mondo (cosmography of the microcosm). He believed the workings of the human body to be an analogy for the workings of the universe."" The dating apps are objectification machines, a psychological bombardment as in Clock Work Orange or Parallax View films in which a subject's consciousness is shaped through a bombardment of images and text. Other conditioning machines include, pornography, my instagram feed, the small changes made to an image post production. Norway’s is attempting to enact a law that stops the posting or publishing of photoshopped images that reinforce unrealistic body standards. I am trying to soften my ideas around bodies, my own and others, as in shifting emphasis from sight. I imagine for a second there is nothing more sexy than to be found attractive by a blind person, as in Shallow Hall staring Jack Black and Gwyneth Paltrow."
162.jpg,"First found on e-sangha.com on the 11th March, 2010 although this link is no longer active. The image depicts a statue of Maha Cundi Bodhisattva who often appears with eighteen arms on a lotus flower and is sometimes referred to as the ""Goddess of the Seventy Million Buddhas"". In Japan and China she is considered the manifestation of Guanyin, a bodhisattva associated with compassion.The Chinese name Guanyin is short for Guanshiyin, which means ""[The One Who] Perceives the Sounds of the World."" It is widely held that the dhāraṇī can bring about many benefits, even for lay practitioners. Some of the dhāraṇī's functions include praying for success in career; harmony in marriage and relationships; and academic achievements. It is particularly helpful for young adults looking for a job, a partner in life or hoping to be successful academically. However, the wishes you make must be reasonable and legitimate. There are stages; denial, anger, bargaining, depression, and eventually acceptance. I am getting to acceptance but it is not coming easy, I am having to drag myself kicking and screaming, until eventually exhausted I relent. In short I have no more energy to keep the fantasy alive, it is ‘the relationship is over’ or ‘the project is an impossibility” or ‘they are dead’. It is a laying to rest a set of expectations, a process I do not have to like, but which eventually I am willing to accept."
163.jpg,"First found on photos-images on the 22nd March, 2013 by pikoso.kz Titled Businessman With Many Hands, description Happy Indian businessman with many hands doing yoga in the office. There are various articles on the benefits of Yoga in the workplace, stating its benefits as creating a happier more relaxed and ultimately a more productive workforce. In this way in recent years the practices of Yoga has in part been incorporated into a capitalist system which has identified its capacity to increase productivity. On the 2nd January 2020 I retreated, I resolved not to get in contact. I did yoga everyday taking advantage of a 50% deal they had. I didn't drink, I read up to three hours each day, I woke up at a regular hour, meals were thought and prepared with care. After the month was over to the day I stopped, did not renew membership, put down my book and picked up my phone. None of this was planned. www.inmagine.com searchterms/meditation-7.html - http://anacostiayogi.com/stressfree/ Pic via masetv.com First found on images.inmagine.com on the 14th April, 2008 although this link is no longer active. This image is used in an article on chicinspector.com Incorporating Meditation In Your Daily Schedule by saneeta renee in 2016, in the article Renee states “It’s not always elegant or pleasant, but sometimes you have to meditate on the subway or be late to something in order to make sure that you fit your meditation sessions in. Again, better to do it and miss the movie previews than to fall asleep during the film because you missed your afternoon meditation."". The adverts for Ketchup that use the difficulty to empty their glass bottles as a nostalgic selling point. I am having difficulty emptying my mind as the the app requests. Last week I averaged 4 hours of screen time, up 100% on last week. I feel empty in a scroll hole, but it is an empty kind of empty. Driving is better, my body is just relaxed it has not totally disappeared. On the freeway my attention moves through the landscape and whatever conversation I am having at the time. We are talking about our pasts, about his time in music camp, about the how a teenage boy used the word Nazi for affect, as in to disrupt or course a sensation. We had fallen out in the past, but I feel closer to him now than ever, the journey is a trip back, we cover a lot of ground, as we do we begin to shrink, the proportions of our bodies finding past states, eventually settling on a time before puberty. We are two awkward boys, our bodies only just large enough to reach the steering wheel."
164.jpg,"First found on shutterstock.com on the 2nd September, 2018 this image is titled Set for sports, a yoga mat, a towel, a bottle of water on a light background. The concept of a healthy lifestyle. Copy space by Natalya Stepowaya, a Russian photographer. Yoga mats made with PVC can also contain chemicals like phthalates, which are used to make PVC flexible. PVC can't be recycled due to the phthalates embedded within it, and when it's incinerated or buried in landfills it releases dioxin, a known carcinogen. I worked with fibreglass. Eva Hesse died. Lead paint would poison people who wanted to decorate their houses. I am suspicious of MDF. I think I once fell through an asbestos roof as a child. I fear the particles are embedded in my lungs, growing in a way that cakes them, eventually making it impossible to breathe. The memory is a shadow, I can't be sure if it or did not happen. There are certain memories and facts that I take as true, but when taken out, held and questioned have the quality of a fake or a substitute. Something poorly fabricated by a child, that although made of paper mache has endured. https://www.vouchercloud.com/better-living/how-to-fly-with-a-baby https://www.idiva.com/relationships-love/kids/5-baby-shower-games-for-major-fun/photogallery/27983 Included in an article titled How to fly with a baby from May 2018 on the website vouchercloud.com. Under the image it reads “The rules about liquids are relaxed in relation to baby milk (though you’ll have to declare it to the people at security as you pass through) but you will need to consider taking unopened formula tins or pre-made cartons. And for those mamas that are breastfeeding, remember an aeroplane environment is already dehydrating so make sure you keep your fluids up.” Flights introduced the hand luggage liquid allowance restrictions back in 2006 after British police foiled a terror plot which saw terrorists smuggling explosives in their shoes. At the time the incident was the largest terror plot ever discovered in Britain. People with explosives strapped to their body are detonating themselves in London. The explosions killed 52 people, 700 are injured. The images are really quite something. “Nothing happens until it’s consumed”+, history seemingly made in the attention given to certain events over others. I remember this period as one of hyper awareness, an anxious attention transfixed on the terrorists and their activities. Each incident is followed by weeks of facts about the perpetrators, their back stories and delivery devices. It was a campaign that people die for. At the tube near my work an innocent Brazilian man is pinned down and shot in the head by police. In the film Brazil terrorism is so frequent that it has become an ignorable everyday fact. I have the sensation that the constant reports are consuming me and not the other way around. Official advice after a school shooting is to limit coverage, as in to win this war against death we must refuse to play the game in the first place and not answer the call to look. +Don De Lillo quote taken from D.I.A.L history"
165.jpg,"Posted in August of 2012 on theonion.com website under the title Nipple Of Baby’s Bottle Pierced For Authenticity. Breastfeeding with nipple piercings in place can potentially cause choking and/or damage to the infant's mouth. While breastfeeding with previously pierced holes may be problematic if there is scarring or nerve damage. I find the metal of her nipples piercings frustrating, clinking on my teeth, preventing me from making a full connection to her and it. In A Voyage of Growth and Discovery by Mike Kelley and Michael Smith, Kelley wonders around the Burning Man Festival dressed as a baby. A porn video titled Milky Yum Yums shows two large breasts squirting milk onto a man's happy face. When I was four I asked my mum if I too could breastfeed despite knowing I was too old for such things. Jouissance is the ecstatic pleasure of the newly born, which we are told we must relinquish if we are to get on in this world. Though like a good boy I promise to give this pleasure up, I detect the taste of it on certain, objects and experiences. I feel myself drawn to these, like a moth to a flame or smoker to a cigarette."
166.jpg,"Posted on piercingbible.com to illustrate their male nipple piercing service. On the page it discuss how man men experience an increased sensitivity in their nipples after piercing becoming erotically charged in that zone for the first time. Male nipple piercings tend to be faster and easier to heal than female nipples. Certain piercings are subject to swelling after the procedure. Nipples, however, are prone to development (a semipermanent or lasting change in the shape, dimensions, and texture of the localized nipple and areola tissue). This is often mistaken for swelling, though it is actually quite different. There is a code to which side you get a piercing, a covert public statement about your sexuality. I pierced my ‘left’ eyebrow after my exams, I keep it in for only a week before eventually relenting to my mothers comments. In the Korean spas in LA a similar code is at play with how you wear your locker wristband, if worn on such a such a side you are communicating a certain kind of openness and desire. At airports HSBC advertises itself as the worlds local bank. In one run down Korean spa we go to all semblance of the discreet or covert is replaced by an open cruising environment. It is a freedom I have never seen in a heterosexual environment, although saying that I have never been to a sex club. I walk in on several men blowing each other or having sex in a steam room. I have a long chat with a bear in extremely cold water. I am followed at several points. After I meet my partner in the communal area, her experience was quite different."
167.jpg,"This image is titled Chest of a man with hair - Studio Shoot by Michal Ludwiczak May, 2015 and is available on shutterstock.com. This image is used in an article in the New York Post titled More than half of American men are ashamed of their body hair it highlights that In a survey of 2,000 men that found that 55 percent of all respondents said they felt ashamed of their body hair, with one in five saying they feel this way “often.” Some men are very hairy, while others have no chest hair at all. All ranges and patterns of hair growth are normal. I have almost no hair on my body. An uncle once verified that I will never be able to grow a full beard. I still get acne, especially on my chin. My father is taller, has light chest hair and a full beard. I am getting to know someone new in the house when he shaves off his beard for the first time. It scares my little sister. My little sister was outgoing until the age of two when she became sick, after which point she became noticeably more sensitive, easily scared and especially of men. In class we watch videos that teach us concepts such as Stranger Danger. According to these videos there are men out there who want to lure children into their cars by offering sweets and other treats. We are advised in such instances not to just scream, but to shout ‘I do not know this person, please help’. The reason for why they would like to kidnap us is never stated in the videos. This is a Realistic wearable prosthetic silicone male chest made of 100% medical silicone in white, retailing at $299USD available on superx.studio. In the list of features for this product the retailer mentions wearing this silicone chest will not only make you appear strong but increase a sense of trust and security in others. Suggested uses include dating, parties, clubbing and super hero fancy dress. A dog is often used as a proxy for a child, a soft simulation of commitment the couple are about to partake in. There has been a spate of dog thefts in London since lockdown and the prices of puppies has risen considerably in the last year. It is not my puppy, it is hers. I am in charge of him during the week while she is at work, this involves potty training, play time, cleaning up after him and his general well being. When out with him I am struck by his scale, I see threats everywhere. I become more vigilant when certain men walk past, at times tightening my grip. I am sure this distrust is something felt by them. As in the suspicion you very well might be the threat."
168.png,"First found on futubandera.cl on the 1st November, 2013, a Chilean meme site, this image is no longer active. This image is a collage, a male chest superimposed over the neck of a woman as she leans back, disrupting our sense of scale. In Ally MacBeal a man was obsessed with stroking women's wattles, the fleshy part of the throat. The creators of Ally MacBeal manifested her biological clock as a small animated dancing baby, Ally MacBeal had a tendency to immediately fall over whenever she met somebody she found attractive. If someone collapses the first thing you should do is check their breathing. When he slumped over at lunch it was done in slow motion. After several minutes he has regained consciousness, we ask him to try a smile, to raise his hands, we can confirm it is not a stroke. To stroke as in to comfort someone, to sit with them until the episode passes. I am struck that he does not express concern for himself, as if he too is watching from the outside, proposing theories about new medication and the travel time to the hospital. Image by Karina Nechkova from her profile on bigbookname.com a website that claims that it will help you find information on whomever you want with a database of over 100 million people. Karina Nechkova profile informs us that she was born on the 18th June in Belarus and currently lives in Vitebsk. She was educated at Vitebsk State University studying Fine Art graduating and graduated in 2012. In her profile we see images of a young woman as she brings up two children, hangs out with friends and spends time in the countryside. A Facebook, the catalogue of students and staff published each year. In 2004/5 an invitation to sign up to Facebook a new website being rolled out to US and English universities. By 2008 it might be said to be public space, by 2011 I have formed a habit of shutting down the tab only to reopen a new one moments later. The action a reflex like an itch or a swallow. The Hungry Ghost by Gabe Mate. Rat Utopia and other experiments with mice. In one food was released at the touch of a button, the button was pressed when the rat was hungry. In another food would come out only some of the time in varying quantities, this resulted in a rat compulsively addicted to the pressing of a button, no longer so concerned with either food or hunger. Around 2013, I close my Facebook account and transfer that energy to another company owned by them, instagram."
169.jpg,"First found on the website of photographer Damir Senčar on the 22nd July, 2008. Damir Senčar was born in 1971 in Zagreb and currently works for the Croatian News Agency (HINA) as editor in the Photo Editorial Office. Senčar has covered various sporting events including 3 Olympic Games and 5 Paralympic Games. His photographs have been featured in major new agencies including Reuters, AFP, AP and EPA. The photograph itself features a young woman in a large body of blue water throwing her head back to create a spiral of water effect. The Play-Co conference in Zagreb, it’s objective is to look at the uses of role play in art, exchange knowledge in talks and workshops. I have often said acting is wasted on actors, which is to simply say they hog what this a sometimes revelatory experience, keeping it to themselves for the base use of entertainment. True undercover agents get a look in and some therapy practises but it could be more widely distributed. In the conference there is a lot of talk about tools and resources, things to learn and share. In 2009 I read a Russian acting theorist who was a friend of Stanislavski, his text proposed that it is only by assuming another identity that we might realise our own freewill, that only in playing someone else’s decisions might we realise our own as construct, the manifestation of just another character and plot. www.cisco.com"
170.jpeg,"First found on the 31st of January, 2016 cisco.com titled Vector Blue Vortex Background by Puck Illustrations. This image depicts a blue abstract illustration that gives the impression of spirling into its centre. Tags on this image include background abstract logo type vortex laundered, water, centrifuge, basin, soap, hydraulic and centrifuge . A centrifuge is a device that uses centrifugal force to separate various components of a fluid. This is achieved by spinning the fluid at high speed within a container, thereby separating fluids of different densities (e.g. cream from milk) or liquids from solids. It works by causing denser substances and particles to move outward in the radial direction. At the same time, objects that are less dense are displaced and move to the centre. The vortex at the local swimming pool is a circular body of water that spins you around. I do not eat before swimming, I am told it has killed some people. In swimming class I am in deep water, the sensation is one of kicking while sinking, and only ends when I am rescued by our instructor who jumps in despite wearing a blue and purple shell suit. I am reminded not to stand too close to the fire whilst wearing a shell suit, they are flammable and may course severe burns. The image of the instructor is one of my most vivid memories I have from that time, I am convinced about every detail from her peroxide ponytail, to the way her mouth remains slightly open in rest. I eventually learn to swim, but remain a bad swimmer. footage123.com video/6437759-blue-light-tunnel - First found on Nov 18, 2016 author-videos/mkdj - First found on Nov 19, 2016 https://www.youtube.com/channel/UCG9ShGbASoiwHwFcLcAh9EA"
171.jpg,"Available on Shutterstock Blue Light Tunnel by mkdj an italian editor and video composer. The video in question shows a blue portal with rotating sides, giving us the impression that we are moving through it. I relish the unboxing of the new iPhone, in this act I am able to secure my operational relevancy for least for the next two years. Progress is often an illusion, like one task in which nothing is learnt or gained but is repeated nonetheless. The perfect example of this is contained in the actions to ‘update’ or ‘upgrade’. The sensation is ‘to keep up’ on a journey in which the destination is never stated. Of course we are on occasion offered a vision of destinations, from an advert, political speech or the words of a billionaire, but they are rarely convincing, and almost never match up to any reality I have seen. Portal Bookends are a product first available on Getdigital.de 1st February 2013 a website that describes itself as offering ‘geek stuff supplies’. The Portal Bookends, although no longer available on getdigital.de are available from various other suppliers ranging from €25-€40 in price. This particular portal design comes from the game Portal a series of first-person puzzle-platform video games developed by Valve. The game is set in the half-life universe which centers on a woman, Chell, who is forced to undergo a series of tests within the Aperture Science Enrichment Center by a malicious artificial intelligence. The malicious intelligence known as GLaDOS was themselves the result of an experimental procedure in which a person's consciousness was digitised and combined to a.i to complete certain tasks. The Buddha said there were some questions not worth asking, the origins of the universe being one of them. The Youtube video says we exist in a simulation, I am more than willing to accept this fact. Our reality contained in a super computer run my beings the nature of which we’ll never know. “This reality is mine, there are many like it, but this one is mine, it is my life, I must master it. Without my reality I am useless.” I what I see as real, to not would mean becoming untethered, I do not do well at sea."
172.jpg,"This image is titled Happy People Png Jumping Stick Figure Transparent Png and is available on pngarea.com. Under the image the description reads Happy People Png, Jumping Stick Figure, Transparent Png is a high quality free transparent png image, which uses the tags mario jumping png png, jumping png png, happy man png png. To be transparent, as if seen through, any pretence or posturing blatantly visible to everyone involved. To be transparent with someone else is to not hold back and to commit to a course of honesty. It is unclear to me what level this can be achieved. I am still left with questions such as “What am I holding back?” this question goes to both of us. I have known people seemingly with no inner monologue, as in I think therefore I speak. It is important to think before you speak. But back to the question at hand, I want to know what is going on with these associations, these stories that I repeat to myself and you again and again. What are they, is my existence caught somewhere in-between them or are they just run off or residue to some other as of yet unidentified core."
173.jpeg,"A promotional image for the film Yes Man, 2008 directed by Peyton Reed and starring Jim Carey the film tells the story of Carl, a lonely man with low self-esteem who participates in a self-help programme that challenges him to say yes to everything in life for an entire year. In the film Carl’s life is positively changed as he is forced to break with his habitual responses, finding himself willing to turn left where normally he would have turned right. This film oddly parallels a Jim Carey film made eleven years prior in which his life was positively changed after the ability to lie is taken away from him. Yes seemingly does not mean yes and no doesn't quite mean no either; as in ‘I am unable to commit to a course of action’ or ‘I am unable to commit to this relationship’ instead I am electing to keep us in status, somewhere between yes and no. I know from experience that this will eventually exhausted the other party involved and that it is this exhaustion that will end it not me. This I am coming to realise is part of the formula I have been perfecting these last six years."
174.jpg,"Posted on the 28th March 2018 at 1:59pm by Steam account Moonie, under the image is the caption “YES”. The image is from the game Far Cry 5, a first-person shooter game developed by Ubisoft. The game takes place in Hope County, a fictional region of Montana, United States. The main story revolves around the Project at Eden's Gate, a doomsday cult that has taken over the county at the command of its charismatic and powerful leader, Joseph Seed. Players control a junior deputy sheriff who must work alongside factions of a resistance to liberate the county. The name Eden's Gate is a reference to Heaven's Gate a cult in which 39 members died during a ritual suicide. The allusions to taking over a county is perhaps inspired by Rajneeshpuram, a religious community that attempted to take over the local government in Wasco County, Oregon after coming into conflict with local residents. A charismatic leader who builds a context to sustain their narcissistic tendencies. Continuous and sustained positive attention is a device known as love bombing, reducing calorie intake and disrupting sleeping patterns are both techniques designed to make a subject malleable and susceptible to the suggestion. Cults Inside Out by Rick Allan Ross. I am conducting research for a possible project on cults, Ross’s book talks about the need to instil a sense of perspective and criticality if the extraction process is to be successful. As in to disrupt by questioning. Easy Ways is a book that helps me give up smoking by forcing me to constantly question my relationship with the addictive substance nicotine. The debrief in role play is a time after play when participants are able to talk about their experiences and make sense of what has happened to them. Therapy is a reflective moment each week when I am forced to question not only my actions but the storied I use to justify them."
175.png,"This photo is from the 31st December, 1999 on new years during the high profile “Y2K” celebration, which brought in the new millennium with a dazzling display of lights and special effects. The sign was erected in 1923 and originally read ""HOLLYWOODLAND"". Its purpose was to advertise the name of a new segregated housing development in the hills above the Hollywood district. In 1978 the public campaign to restore the landmark was begun by Hugh Hefner and various other celebrities and wealthy inhabitants of Hollywood. the group replaced what had become a severely deteriorated sign with a more permanent structure. The United Talent Agency office is close to the Playboy mansion. I’m being offered representation although it is unclear to me what that might mean. The agent offering bought a work from my recent show, an effigy of Stewie Griffin from Family Guy. When encountering the sculpture he had lowered his crouch to it and started to hump while making a rodeo gesture with this hands. We did not end up working with each other. Several years later although young he died of a heart attack triggered by a cocktail of drugs. It is clear the drugs had brought him some relief, although it is impossible to say from what."
176.jpg,"Image of the Auxiliary Territorial Service in the United Kingdom, 28th February 1944 showing ATS officers training a searchlight operator in Western Command. Second Subaltern (2/Sub) Janet Holland is nearest the camera with 2/Sub Eileen Eteson behind. The ATS officers were required to spend six weeks at a searchlight site in order to have first hand experience of the work and conditions. This is a 90cm projector. The operator moves the light using the wheel at the end of the long arm, in the foreground. This arrangement allowed the operator to stand outside the glare of the lamp. My grandmother was turned down by services during the war because they detected an irregularity in her heart, this irregularity would kill her fifty years later on the evening of her seventieth birthday. They had a big kiss the night she died. Her hands are always warm, ‘cold hands warm heart, warm hands cold heart.’ I am aware the thoughts feelings and opinions I have of her are childlike, overly smooth and soft in focus. It is an image of a body in motion, which is to say mucking out, making, cleaning, frying… It is an endless circular list of activities, the first starting the moment the last is finished. Sometimes during one of their arguments I am asked to select my favourite grandparent. In the evenings we will watch programs including: Only Fool and Horses, Blind Date, Faulty Towers, Saturday night Game shows and Hello Hello."
177.jpg,"This artwork is by illustrator Greg Capullo, whose long career in the industry includes such high-profile properties as Spawn and Batman. In an interview in 2017 on Nothing but Comics blog Capullo says about drawing Batman “as far as the drawing style and how I went with it, you’ve seen everything about Batman, as I have, the cartoons, comic books, movies. All that stuff goes into you and your blender and if you were to start drawing Batman tomorrow, your expression of those things would come out subconsciously, connected to how you personally feel about the character. So that’s all I did. I followed my instincts and what came out. Luckily, the fans didn’t want to tar and feather me.” Porous out of necessity. I am desperate to find out who I might be, to this ends I buy two singles; PJ and Duncan’s Let’s Get Ready To Rumble and a rerelease of Cindy Lauper’s Girls Just Want to Have Fun. I still listen to Cindy Lauper, Girls Just Want to Have Fun. At school we are divided into two groups, rave kids who wear Ben Sherman shirts and Kicker shoes and metal kids who wear Korn or Slip Knot Ts with baggy trousers. For an unknown reason I elect on Ska as my music of choice, attracted to Hawaiian shirts and spiky hair. It is an identity that I don’t pull off particularly well, aware that I am a rural version of a purer form that exists somewhere else far away. but in any case I am happy to have made a start."
178.jpg,"This image is by James Wainscoat and first appeared on upsplash.com on the 4th October 2018 and captures a Flying Fox bat in Australia. The Flying fox bat is a large southeast Asian species of megabat in the family Pteropodidae. It feeds exclusively on fruits, nectar, and flowers. It is noted for being one of the largest bats in the world. As with nearly all other Old World fruit bats, it lacks the ability to echolocate but compensates for it with well-developed eyesight. The large flying fox is a natural reservoir of the Nipah virus. It is generally considered to have led to the 1998 Malaysian outbreak, which was the first emergence of the disease in humans and pigs. The virus also occurs in humans, with humans becoming fatally ill with the disease up to four years after first exposure. I have good eyesight although I am told all eyes will distort with age, eventually submitting to gravity, losing their shape. In truth I don’t need glasses I want them, as in to appear bookish, someone who reads. At the moment I am rarely reading, although I have ordered Leave Society the new book by Tao Lin. A friend writes about it, but more importantly it appears on my feed to the point of I am sure it is a clue. Escape Society a message, the zeitgeist, a jigsaw piece, a generational yearning. I almost do not need to read the book, the title is enough, get me out of here, It’s been nice, but I’ve had enough, I want the ride to stop ‘computer end program’."
179.JPG,"The origins of this image are unknown although it appears on lofter.com an inactive website on the 11th June, 2016. The image depicts a young boy about to put a large bat in his mouth while his friend looks over his shoulder smiling. In 2020 this image has been used in various articles on the origins of the Covid-19 virus, one such article on worldbuzz.com opens with the title Deadly Wuhan Virus Speculated to Originate from Bat Soup, Experts Urge Citizens to Stop Eating It. The article proposes that the Covid-19 may have been transmitted from a bat to humans through their consumption in a Chinese market. I am told it is mild pneumonia but the symptom match Covid, I spend three weeks in bed at first feverish then lethargic. It is the perfect state to watch TV, inducing a more fully immersive state. I watch all of Star Trek: The Next Generation. Humanity has largely overcome racial and cultural differences, instead focusing on space exploration. The other has shifted, it is no longer human, our unease with the alien is now an unease with an alien or culture that does not share the humanist values of the Federation. Afghanistan has fallen to the Taliban, at times the news reporting makes it feel like the war was justified on feminist grounds and not a desire to control resources and bring a hostile political region into line. The Audre Lorde line about the impossibility of dismantling the master's house with the master's tools. As chain of violence that can’t help replicate itself. www.ilyke.net the-funniest-comments-on-youtube-/39531/ -what-i-think-of-the-new-ipad-air-slogan/39536 - This image first began to feature on meme sites around 2014, although the source of the image is unclear. The image does appear on funcage.com in a post titled The Weirdest Russians On Social Media, suggesting it’s origins may be Russian although there are no definitive markers. The image depicts a woman putting the nose of a Dachshund in her mouth. The standard-sized dachshund was developed to scent, chase, and flush out badgers and other burrow-dwelling animals, while the miniature dachshund was bred to hunt small animals such as rabbits and mice. It is normal to have a decreased sex drive after giving birth. We have almost stopped having sex since the arrival of the puppy. On one level it’s logistical, as in a body who painfully wants attention can be distracting. On another it is deeper, it is the temporary cessation of desire. I might well be spending that energy on maintenance and care, although this doesn’t feel right. Instead I suspect it may have something to do with a change in the dynamic of two, that I am climatising to a new configuration. Although this also doesn’t feel like the whole picture, there is another dimension, something to do with the dog as meaning, a symbol that I am as of yet unable to decipher."
180.jpeg,"Still from the film The Company Of Wolves, 1984 by director Neil Jordan. The film explores the visceral, sexually charged dreamscapes of a young woman named Rosaleen, using werewolves and the story Red Riding Hood as a metaphor to explore the end of childhood innocence and the sexual awakening of puberty. In the dreamlike film at one point the girl is met by a huntsman who has recently killed her grandmother, but her need to protect herself is complicated by her desire for the hunter. In the ensuing exchange, Rosaleen accidentally injures the huntsman with his own rifle. Upon this blow, the hunter contorts in pain and transforms into his wolf shape. Rosaleen takes pity on the wounded beast. She sits down and begins caring for the wolf while telling him a story. On regaining his health she is transformed into a wolf, allowing for their eventual union. Puberty is radical. I found myself in a tent with a girl but my penis was too small for the job. She was my age, she works in a stable, she dates my friend who is bigger than me after. I am the last in my year to go through puberty. Puberty is radical, things will never be the same again, I sense that it is not just my body that shifts with the coming of hormones but my consciousness too. I am so eager to participate in adult life that only later do I realise that I have lost something along the way. I can remember playing as a child, but it now feels like a far off and distant place, somewhere foreign and familiar that I can no longer access. Reading about it now I am informed that grey matter of the brain is ‘pruned', the raw potentiality of the brain sacrificed in an effort to reinforce and strengthen existing connections. Found on Dreamstime.com in January of 2021 this image is of Football Club wolf`s head badge by Peter Etchells. Wolverhampton Wanderers Football Club commonly known as the Wolves, is a professional association football club based in the city of Wolverhampton, England. Formed as St. Luke's F.C. in 1877. During the club's peak in the 1950s, the home crowd's signature song was ""The Happy Wanderer"", which was a chart hit in the U.K. in 1954 when Wolves first won the league title. As with all large city football teams the club attracted a number of hooligans in the 1960s. During the late 1970s and early 1980s, a hooligan gang named ""The Subway Army"" would often ambush fans in the subway adjacent to the ground. The group was gradually broken up and virtually ceased to exist due to a large number of arrests. The club is now owned by the Chinese conglomerate group Fosun International, which purchased the parent company of the club, W.W. (1990) Ltd., on the 21st July 2016 for a reported £45 million. In 2018-2019 the club made a pretax profit of £20 million. My attempts at supporting a team were obviously a thinly masked conceit to befriend kids in school. This conceit was no doubt detectable and something too pity or despise. One boys father used to be in the Arsenal youth team. My father does not like sport but takes me to an Arsenal game with tickets he gets from a guy at works. My father and I enjoy the game, but the result has little meaning to either of us. I later will cry when England is knocked out of Euro 1996 when Gareth Southgate misses a penalty goal. During the finals of Euro 2021 I elect to film the crowd in central London, from here the game is a faint alibi, an excuse for some kind of energetic release. The crowd are exhausted by the time England is knocked out again in penalties, their exodus from central London is fast and quiet. This is the logo used by Kurakin Honey on their Youtube channel. In one video we are shown how bees can be fed in early spring with diluted syrup to give them a strong start to the summer. Kurakin Honey has around fifty hives and is based in Solntsev Bereg in Leningrad Oblast. Leningrad Oblast is located around the Gulf of Finland and south of two great freshwater lakes, Lake Ladoga and Lake Onega. The territory of present-day Leningrad Oblast was populated shortly after the end of the Weichselian glaciation and now hosts numerous archaeological remnants.The Volga trade route crossed the territory. Variagians was the name given by Greeks to Rus' people, and others to Vikings between the 9th and 11th centuries. We go to Greece via Poland where her brother teaches me to fish, we move up the river slowly casting our rods. Eventually we catch a fish too small to keep, we let it go. In plane hijackings and other hostage situations the women and children are often let go, as if their deaths would mean the wrong thing. I am against etiquette that shows preferential treatment to women as if they were a weaker sex."
181.jpg,"Uploaded by Florintt on the 1st of August, 2010 this image is titled A bunch of bees on a honeycomb stock photo and has the description Bees working on making honey. Bees produce honey from the sugary secretions of plants (floral nectar) or from secretions of other insects (such as honeydew), by regurgitation, enzymatic activity, and water evaporation. Microorganisms do not grow in honey meaning sealed honey does not spoil, even after thousands of years. Honey collection is an ancient activity. A Mesolithic rock painting in a cave in Valencia, Spain, dating back at least 8,000 years, depicts two honey foragers collecting honey and honeycomb from a wild bees' nest. The figures are depicted carrying baskets or gourds, and using a ladder or series of ropes to reach the nest. In 2019, global production of honey was 1.9 million tonnes. Honey is a natural preservative and can be used on fruit or grain. The resin in Jurassic Park preserves the DNA of dinosaurs which is later used to genetically recreate them. The internet perseveres globules of information in forgotten websites and deactivated accounts. Reactivating an account can feel like reawakening a forgotten mummy, there is always a risk of curses. The right to forget, to be more than your past. I once took a roofie by mistake, when I woke I’d forgotten the evening before, during which time I had seemingly managed to change all password in an attempt to lock myself out. I am still unable to access @edfornieles. I once met a person at a party who was cancelled, and who’d changed their name and career in an attempt to move on. It is not houses that are haunted it is people who are haunted."
182.jpg,"This image first found on the 15th April, 2017 titled Honey Bees Hive Beekeeping Beehive Bees Work by immmguy_62 is available from freegreatpictures.com. The image depicts a hive of bees as they enter a hive after their journey to collect pollen. Honeybees have evolved an extraordinary form of communication known as the ""waggle"" dance. It is highly symbolic, separated as it is in both time and space from the activity it grew out of (discovering a nectar source) and the activity it will spur on (getting other bees to go to that nectar source). It is possible to be attracted to someone from a distance, as in 20 meters or across a crowded room. We are speaking on the phone about our new partners, she guessed mine. Out of all the people we had met my attraction to her was intuited, before admitted. Your body will often betray a thought or desire before anything is said, as in “what do you mean of course I wasn’t attracted to her” or “no its okay I wanted to leave let’s go”. or The more I write this book, the more I become aware of my insecurity and desire to be liked by other people. That in writing this down I am somehow attempting to excuse or explain my existence. A part of me is sure that i am disliked by you, I am asking or begging for you to reconsider. Kay in the The Trail is accused of something, although he never finds out what, he enlists a lawyer to plead his case, eventually he gives up and decides just to live with the case, to carry the accusation around with him. Eventually he is found guilty and executed. People who are consumed with stress are more likely to get sick and die earlier. It is unclear to me the path to rid yourself of these spectres. https://en.wikipedia.org/wiki/Bee_Movie This image depicts U.S. actor Jerry Seinfeld, dressed in a bumble bee costume, suspended by wires in the air as part of promotion for the DreamWorks Animation Bee Movie during the 60th Cannes Film Festival on the 17th May, 2007. The image is by Jean-Paul Pelissier and is available through Reuters, the image agency. Seinfeld not only wrote the script for Bee movie but also voiced its main character, it came out in 2007 a year before Antz, a DreamWorks film whose lead character was voiced by another comedian Woody Allen. A Bug's Life came out the same year at Antz, starring Dave Foley and Kevin Spacey. Woody Allen and Kevin Spacey have both had sexual abuse allegations made against them. Over the course of the years several people I know have been cancelled for greater or lesser charges or allegations. I come out of my sleep to the sensation of someone touching my penis. I reach around to reciprocate, to find her, but instead I find a penis where a vagina should be. It is a guy from the room party, he has lain next to me while I sleep and felt me up. My response is shock and aggression, I ask everyone to leave. The next day I have a problem articulating the episode to a friend. Later I exact revenge on that person, releasing a friend, a hand grenade, an agent of chaos on him when he invites us back to his works office for drinks. The hand grenade refuses to leave, he defecates in a bin, and then sets about reorganising and deleting files from their computers. I feel odd about both events now, I am confused. I am and was angry yes but also it’s okay now, and I hope they have figured stuff out and found some peace."
183.png,"This image is of Henry Cavill during the production of Man of Steel, a Superman film made in 2013. This behind the scenes footage is included as extras on the DVD and Blu-Ray release that tracks Cavill’s rigorous journey to becoming superman and all the special effects he was involved in. Cavill was listed as one of GQ's 50 best-dressed British men in 2012. In December 2013, he was named ""World's Sexiest Man"" by British Glamour magazine. The same year, Empire magazine placed him third on their list of ""The 100 Sexiest Movie Stars 2013"" I’ve never considered myself to be strong but then again I don’t think of myself as weak either. So I somehow keep both ideas simultaneously in my head, I am both weak and strong at the same time, but it's the times I have proven myself to be weak that stick in my mind, moments where I have reached my edge. I need help. I am given the contact of a therapist after my breakup, they come highly recommended and work with several other people from the gallery. People often go to therapy to try to fix the tools that have stopped working, hoping to repair them and continue as before. I’ve had enough, these tools stopped working a long time ago, I want new ones. not sure abou this one"
184.jpg,"First found on destudiodublin.com on 11th Feb, 2017 as a promotional image for the Dublin based film studios green screen facilities. Green screen, a form of chroma key compositing works by defining a colour range as transparent, allowing separately filmed background footage to be inserted in post production. In this way actors and environments may be transformed. Stalin would remove the disappeared from photos, in films people often frame a ripped photo removing the other half of a couple, photoshop makes it easier than ever to tamper with memories. I am being told about a trip I went on, and I do sort of remember the trip but i don't remember the person being there. When I asked a friend I did remember they also had a problem recalling this person. We checked photos and they definitely came, so it appears both of us had performed an act or erasure for whatever reason. It is not the act of forgetting that I find strange here, it is the confederacy of it that I find odd. As if memory was something shared."
185.jpg,"Uploaded to pxhere.com on the 2nd February, 2017, although the photographer does not state their name we might presume they are a member of the Air Force or Paratroopers. In the description below it reads “The free high-resolution photo of jumping, aviation, flight, extreme sport, parachute, skydiving, parachuting, parachutist, free fall, air force, skydiver, atmosphere of earth”. The first parachute and arguably the bravest was made by André-Jacques Garnerin, the inventor of the parachute, on the 22nd October, 1797. Garnerin tested his contraption by leaping from a hydrogen balloon 3,200 feet (980 m) above Paris. After a display of his parachute in London a poem was written of him. Bold Garnerin went up, Which increased his Repute, And came safe to earth, In his Grand Parachute. ""Necessity is the mother of invention"", as in I must adapt or die, change or find myself trapped in the same self destructive loops. I find the problem isn't the leaping but finding the right edge to jump off. As in a thing to believe in or trust. i'm hesitating again but maybe thats understandable. I went for a couple of years committing to things without much thought, this resulted in terrible consequences for everyone involved. Failure is okay if it is learnt from,"
186.jpg,"This image was uploaded by Solider Media Centre on Flickr, an account operated by the US army, it depicts the Army 82nd Airborne Division performing a mass paratrooper jump during the 2006 Joint Service Open House hosted at Andrews Air Force Base, 20 May 2006. The 82nd Airborne Division’s real world mission is to within 18 hours of notification, strategically deploy, conduct forcible entry parachute assault and secure key objectives for follow-on military operations in support of U.S. national interests. Since its creation in 1917 the 82nd Airborne Division has experienced 9,073 battle casualties, 1,619 killed in action, 6,560 Wounded in action, 279 Missing in action and 615 prisoners of war. Violence is the inability to communicate through language+. Conflict the fault of words not people, as in ‘if we could only communicate more fully’ or “the thing that keeps us apart”. Rage is a state of mind in which rational thought is no longer possible, to see red is to be stirred by anger. I am having a hissy fit, I am inconsolable, leave me alone. Remove the person from the trigger, encourage deep breaths, possibly use humour to diffuse, eventually ask, encourage a description. http://www.artbuzdesign.com/light.html This ceiling light titled Parachute is a product by art Buz Design first uploaded on the 17th August, 2017. Buz Design offers a variety of light designs, clocks and figurines made in aluminum, steel, acrylic, fabric. Their designs often depict miniature characters made out of twisted metal performing amusing actions or sequences. For instance one clock design features one character in various stages of climbing around the clock face, mimicking the movement of the clock hand in a never ending action. ""Prove yourself brave, truthful and unselfish, and someday you will be a real boy."" Pinocchio is a story about a wooden boy who wants to be real, who achieves this by going out into the world and experiencing life to the full. The tension between wanting a happy secure life and the will to disrupt, break and explore. Irenaeus was a theologian who said you are born in god’s image but must grow into their likeness, that only through experiencing the trials and hardships of life can we realise our full potential. Life is messy, things are complicated and it only through those this mess will you grow, forget about the imagined perfection of moral rightitude, living is your responsibility."
187.jpg,"This image is credited to the John Kobal Foundation and depicts Gene Kelly performing a dance routine surrounded by a collection of umbrellas for the promotion of Singin' in the Rain in the 18th December, 1951. The plot of the film tells the story of a silent film production company and cast making the difficult transition to sound. Other films such as Sunset Boulevard made two years previous had covered a similar theme, a story told about a silent star who was unable to make the transition to talking films. Both films point to a rupture in the industry of this technological development, which ushered in both a new style of filmmaking but also a new generation of actors and directors. Watching films is research for life. Sunset boulevard prepares me for LA. A young writer running away from debt finds himself with a puncture outside of a dilapidated mansion. Instead of an escape he finds himself trapped by an ageing actress, who is herself caught by her past. So one trapped person, traps another person, casting them in the drama of their life as she attempts to recapture her faded glory. The message is ‘be aware of being cast as an actor in someone else’s reenactment, they rarely have happy ending’. It can feel like rewatching a film, hoping for a different ending. I am in something that feels familiar, this time it will be different, I or them will act differently, we’ll get through it this time. https://www.zbrushcentral.com/t/neo-dodging-bullets/341912 Oct '17 This image is titled Neo dodging bullets!, October, 2017 by DEHLIN is an interpretation of Neo, the lead character in the film The Matrix rendered in 3D modelling software Zbrush. The Matrix, 1999 is an American science fiction action film written and directed by the Wachowskis brothers, starring Keanu Reeves. The movie tells of a future in which human consciousness has been forced into a realistic simulation while their bodies are used as a power source for machinekind. In the story Neo (and anagram of one) is able to overcome the programming of the simulation, controlling its reality in an attempt to free its enslaved humans. In the Matrix taking people out of their pods who are not ready for it results in a rejection of their new reality and ultimately a death by shock. I didn't sleep well, I woke at 3am from a dream that had something to do with celebrities attending my grandparents bbq. I am unsure of any meaning, it and the lack of sleep has left me exhausted. At the beginning of the session I just speak without thought, eventually describing the dream. From that associations begin to form, I am linking, creating a chain, forming connections that allow me to leap in time and space. It is at this point that a meaning might be suggested, an interpretation is something to feel, to turn around, get a sense of its truthiness. Some are easy to bat aside, being light an unsubstantial others are compelling, weighty, these once formed cannot be dismissed for better or for worse. https://designmodo.com/halloween-costumes-ideas-inspiration/ First found designmodo.com/halloween-costumes-ideas-inspiration on the 27th August, 2008, this link is no longer active. The image depicts a man dressed in an outfit reminiscent of a Venitian masquerade, elaborate dances held for members of the upper classes in which masks were often used to hide peoples identity, thereby allowing greater freedom. The masked ball is famously used in Arthur Schnitzler’s Dream Story, which tells the narrative of a man who finds himself in a secret orgiastic ball where an anonymous woman seemingly sacrifices her life for him so he might live. A lot of things in my family are subconsciously framed as sacrifice time, money and opportunities are given but also sacrificed. A darker interpretation is that love is being held hostage, a lighter interpretation is simply they are expressions of love. My languages of love in order are; quality time, touch, words of affirmation, acts of service and last is gift giving. Gifts being a poor substitute for love. The sensation is to be short changed and left in debt at the same time. Be wary of loved ones baring gifts. A painting depicting the legendary scene of Sir Walter Raleigh placing his cloak on a puddle for Queen Elizabeth the first of England, 1753 belonging to the Popperfoto collection. The artist is unknown and the documentation is by Bob Thomas available via Getty Images. The Popperfoto collection was founded by Czech photojournalist Paul Popper in 1934, and spans 150 years of photographic history, and comprises more than 12 million black and white photographs and more than 750,000 color photos. Raleigh convicted of treason after he entered into hostilities with a Spanish vessel breaking the treaty with James I of England, in the skirmish his son was killed and on his return he was sentenced to death. After death his head was embalmed and presented to his wife. I once played a game with a friends child in which I would take a toy and the declare it ‘mine’, to which she would protest and declare it hers. I collected, pogs, stickers, uniforms, plastic knights, plastic soldiers, CDs, flyers, plastic planes, knives, Warhammer… these objects were important, to be used but also displayed, as in treasure or other important artefacts. At one point i became sickened by these objects and removed them. I find possessions can feel a lot like burdens after a while. My mother hoards a little, as if to give up on an object is to give up on the memory or person it is tied to. She was upset when I bought her the Marie Kondo book. Hold the object, does it spark joy, if not let it go… I understand why she was upset."
188.jpg,"This image appears on biblipole.com in their jokes section with the title There are Three Types of Men, one image depicts a man getting a woman to jump over a puddle, the other is this image and the last is an image of a man carrying a woman over a puddle. The option of throwing an item of clothing over a puddle so a woman might not get wet seems over the top and unnecessarily showy. In the west there has been a slow decline of singling out women for special treatment such as opening the door, taking a hat off or standing when entering a room. I did not see eye to eye with her mother. We would argue over the role of men, she said it was my duty as a man. I said we should all open doors for each other. The argument was only grounded in values on the surface, in truth values were being used a cover for something else. In this case I would propose it was the affection of her daughter, as if it were a limited resource or territory to possess. As in I fear the loss of the thing that completes me, as in i’m sorry I cant let go. Of course any games of possession are unfair, especially on the object being possessed."
189.jpg,"Still from Mickey's Rival a 1936 short film by Disney in which Minnie's old sweetheart Mortimer drops in while she and Mickey are out on a picnic, resulting in Mortimer and Mickey cometting for Minnie’s affections. Mortimer is a charming trickster more than a head taller than mickey; at one point Minnie exclaims “isn't he great” to Mickey much to his chagrin. In his attempt to impress Minnie Mortimer attracts the attracts a bull in the field next door. Full of confidence when the bull he runs scared when it escapes leaving Minnie vulnerable to being hurt. Mickey takes this as his opportunity to prove himself by coaxing the bull away and leading them both to safety. I have not seen the film, I have only seen the clip, a father with his family on seeing the avalanche approach scrambles for the door, leaving his children behind as he seeks his own safety. My grandmother explained 'love is your father being willing to run in front of a bull to save your life.” In accidents and incidents many describe the action coming before the thought, as in I jumped in front of or I slammed on the breaks moments before or I couldn’t bring myself too. These are unmediated and embodied in which the truth of things might be discerned. Simulations are designed to add a level of consciousness to these moments, allowing first impulse to be played out, then questioned and then repeated. An attempt to bring unconscious impulse in line. https://en.wikipedia.org/wiki/Steamboat_Willie"
190.jpg,"Still from Steamboat Willie a Disney short made in 1928, The cartoon is considered the debut of Mickey Mouse and his girlfriend Minnie, although both characters appeared several months earlier in a test screening of Plane Crazy. Steamboat Willie is especially notable for being the first Disney cartoon with synchronized sound, as well as the first cartoon to feature a fully post-produced soundtrack which distinguished it from earlier sound cartoons such as Inkwell Studios' Song Car-Tunes (1924–1927) and Van Beuren Studios' Dinner Time (1928). Disney understood from early on that synchronized sound was the future of film. Steamboat Willie became the most popular cartoon of its day The difference between invention and a fad. I am being told that VR is the future, that my mother falling over in a rollercoaster game is the cinema viewer running away from the train, as in a shift in perception we’ll all need a little time to get used to. Everyone is very pumped, I want to believe in this new embodied entertainment, I get easily swept up in a crowd. I love the idea of a technology where you can become the other. The head set give me motion sickness and headaches. Two years later I develop my own VR sexual experience, your body, the sexual pose and location shift every 20 seconds. All characteristics such as race, age, body type are equally distributed, the affect is not a sexual one, it is something else. I am pleased with the results but after that project I lose interest in the technology. It is a thing in galleries for several years, after which time you rarely see it. http://shkola.silavetra.com/school"
191.jpg,"A promotional image for shkola.silavetra.com a Russian sailing school that teaches both in Moscow and the Mediterian sea. Offering several courses a year to qualify for an international sailors license, the cost of theory and practical lessons equals roughly €1500 euros and will take 3-4 months total. This and other images on the website seem to be designed to appeal to both those interested in seafaring as well as those who see it as a wealthy lifestyle pursuit. A Kurdish family trapped in Moscow airport for months. Edward Snowden sought refuge here. I am stuck here for 24 hours on my way to Berlin over the course of which time I walk the airport, fail to sleep and listen to audio books. I am comforted by the intonation of the reader of the John Le Carre spy book, it is cartoonishly English. An accent that nearly doesn’t exist anymore is telling me a story of a hopeless wreck of a man trying to do the right thing, but on all accounts failing. The spies in these stories are weak, the impotent shadow of James Bond, or perhaps James Bond is the fantastical machination of these spies. In both cases they seem to represent an old world order, something out of sync. Jane Bond a script idea I develop with a friend: James Bond’s woke daughter forces him to confront his misogynistic behaviour, while she is forced to reconsider her perspective on national interest. It is a comedy about compromise."
192.jpg,"Available on Vippng.com the 22nd of November, 2017 as a PNG with transparent background, titled Arm Png - Pointing-Woman - Biodata For Marriage Of Bihar Girl, the photographer is unknown. This image depicts a woman pointing to her right while looking at the camera, the expression on her face reads as both smiley and knowing, perhaps the joke is on us. This image is on various websites including flamingnet.com a website that offers to write reviews for authors who have self published. I would pretend to be sick to spend time with my mother in bed, I drew a lot because I’m told I was good from an early age, every time he pees outside I will give him a treatrewritethe clicking noise, I have continued or stopped a body of work based on what others have said. I am sometimes overwhelmed by the desire to please. I must take a moment, to think what what is going on here, it is happening without my control, I am reading their reaction, wanting to mimic it in mine."
193.jpg,"This image is a detail from Crossroads, 2017 by wildpixel and is available on istockphoto.com, the original image shows two hands each pointing in different directions while a businessman stares at both. Under the image the description reads “Crossroads concept of choice and choosing a right or left pathway or road to success as a confused businessman”. The image is a visualisation of the decision making process, a fork in which two distinctly different outcomes are clearly laid out. A decision is the sensation of agency. There are relatively few distinct crossroads that define you, moments where you know everything will be different after this, as in ‘I will become a …’ or ‘I moving to..’ Or ‘this is over it’s time for you to leave…’. Unless forced on you, these decisions are normally created by a momentum, the forces of which are in place long before the moment they crystallise. I decided to become an artist at the age of 16, as in ‘my parents wanted to be artists’ as in ‘we inherit our parents desires’, as in I must have picked up on statements made."
194.jpeg,"Blank meme template Left Exit 12 Off Ramp, 2017 in which a car is swerving onto an off ramp. The meme maker photoshopping the sign, creating humorous combinations of decisions that the driver of the car is hurriedly making, deciding that they will not in fact do the thing they expected. The image itself is a photoshopped composite based taken from a YouTube video entitled ""How to exit freeway like a boss."" Uploaded on the 4th July, 2013, by Fredrik Sørlie which shows a car drifting into an off ramp; however, there are no highway signs at the off ramp. To drive the 110 feels like a video game it curves and twists. I have seen several real crashes on the way home. It is a lot like playing a video game a former Predator drone operator matter-of-factly admits. His bombs kill real people though, this is an abstracted fact to him, something understood but out of necessity is only partially recognised, as in of course I understand where my cheap sweater is made or some other admittance of pain suffered far away. Distance at this point is a coping mechanism, something to put between you and it. Dissociation a step further, in which thoughts, feelings and memories are uncoupled and contained. I have been playing League of Legends a little too much recently, it has become my go to. As I play I feel its effects almost instantly, it is bliss to experience body fade, If I had to say exactly where I was in this moment it would be difficult, but id be tempted to point at the screen."
195.jpg,"Uploaded to shutterstock.com on the 12th October, 2018 titled A red car driving fast on the countryside road with trees and bushes against a blue sky with clouds by Dmitry Perov a Ukrainiane photographer. Most police forces have a tolerance of 10% plus 2 mph above the limit before a speed camera 'flashes'. So on a 30 mph road, a camera wouldn't normally activate unless a car drove past at 35 mph or above. On a 70 mph stretch of motorway, this threshold would go up to 79 mph. It is a boy racer car. I am driving way too fast and I genuinely don't know why, we are on our way to the Deep Creek Hot Springs and I am taking corners on this desert road at speed. The realisation of our momentum is something that happens slowly, something that creeps, when I realise I quickly slow down. The road ends. We walk the remaining distance through the mountains, it is early afternoon when we approach the springs. We have entered a dream space, green palm trees and water in an arid landscape, there are twenty or so muscle clad men playing volleyball naked, there are groups of people lounging in warm pools of water relaxing and talking. We crack open beers and get in. Eventually it is time to leave, the night walk back acts as a transition or fade, as in to go back or return. https://blurbusters.com/benq/strobe-utility/ This image was created on the 2nd November, 2013 on forum.hardware by account Hansaplast to demonstrate a lightboost hack that is designed to reduce motion blur in high end games. The software is designed to eliminate motion blur caused by the LCD monitor. In putting one blurred image next to a less blurred image we are given the impression that the alien spacecraft is shifting from rapid movement to statitally floating, as if its tail end is catching up with itself. Not with a whimper but a bang. It is often easier to press the eject button than to sit with something and work it through, as in to go to couple therapy or some other reckoning. Zizek is talking about the coyote from Roadrunner going off a cliff, suspended for a moment before he falls. A brief moment when you don't realise that reality has significantly changed, and you are still functioning under an out of date premises. My hand goes to message, my mouth to speak, it takes moments to realise these actions are no longer available to me."
196.png,"First found on ifunny.co on the 11th October, 2016 titled Alien smoke and chill in bath. psychedelic by svtdesign. The illustration shows a green alien who has seemingly assimulated into earth life, enjoying a black bath, while smoking weed. The alien has several tattoos including a dollar sign, the numbers 13,12, two crowns, an illuminati triangle and eye as well as text reading People Are Poison. The bathroom is run down, with broken tiles and graffiti, above their head it reads no hope suggesting the assimilation into human culture has on some levels been abusive. There are the sleeping bodies of gangs members outside the apartment which I must tip toe over if I am to leave the building. The group of six or seven men are all young are dressed in baggy pants, caps and Ts, some have a few tattoos but none on the face and neck like older members. I am unsure what drug they use, one guy dances for hours on his own on the fire escape, only half aware of me when I pass him. He looks happy. We don't speak much but get on, my housemate asks if they’d like a snack from the seven11. I feel oddly protected. One night there are several gunshots outside the house, maybe someone was hit but it's impossible to tell, whoever was out there is gone by the time I decide it is safe to look out of the window."
197.jpg,"First found on Vice.com on the 17th of June 2015 in an article titled What's it Like to Be an Internet-Famous Stoner? by Christopher Thompson. In the article Thompson interviews Stephen Payne a 45 year-old guy from Vancouver who's been smoking bongs on the internet since 1997. In describing his relationship to weed Payne says “I'm 45 and have been smoking now for 23 years, I don't want to say I'm an addict, but I definitely smoke like one. I'll smoke between 10 and 15 dabs every day.” Gabor Mate defines addiction as a behaviour that gives a person temporary relief and pleasure, but also has negative consequences, and to which the individual will return time and again. Hungry ghosts are ones that consume you from the inside out. The gap between being addicted and thinking you are not, the gap between what you see and what other people see. The chemicals in drugs have never been the problem for me, instead it's the ones my body already possesses which can cause trouble. I have become adept at teasing them out, in all manners of ways. It is an inventive process, you must keep shifting your means of delivery to maintain supply. A thought experiment, I'm trying to look at myself now as if from a distance, as if another person and while he obviously possess great style, It is clear to me he is also possessed, the fidget betrays him, although here he is looking for a way out."
198.jpg,"Titled Germany, Bavaria, Young man Having Bath in Bathtub by Roman MÃ¤rzinger, this image was taken on the 10th April, 2012 and is available on alamy.com a stock image website. The image depicts a young white man seemingly relaxed or asleep in the bath. For my mother a bath was a sanctuary, although at times I wonder if it was a symptom of something as well, as in warm place to retreat into. On cold days could do with a bath. Anticipating. A pleasure that plays itself out across my body, the promise of a trip or night out is experienced as a charge. A meal is felt long before eating. the effects of food are acknowledged by the body before it is absorbed. Needs more, getting a little wanky"
199.jpg,"This image depicts a detail from The Death of Marat, 1793 a painting by Jacques-Louis David of the murdered French revolutionary leader Jean-Paul Marat. It is one of the most famous images of the French Revolution. The painting shows the radical journalist lying dead in his bath on 13 July 1793, after his murder by Charlotte Corday. Painted in the months after Marat's murder, it has been described by T. J. Clark as the first modernist painting, for ""the way it took the stuff of politics as its material, and did not transmute it"". My parents would drive to the end of the lane so as not to argue in front of the kids. I use this fact as a way to explain why arguments do not come easy to me, at the time I prefer to either retreat or concede, its just easier that way, and I really dont mind. She slowly teaches me to argue, at its best it becomes something playful, that can result in sex. Later it would get bad, as in something insurmountable, but that won’t be for a bunch of years. Stock Titled Sticky Note in Hand by Tyler Olson this image first appeared on depositphotos.com on the 22nd May, 2011. A Post-it Note (or sticky note) is a small piece of paper with a re-adherable strip of glue on its back, made for temporarily attaching notes to documents and other surfaces. A low-tack pressure-sensitive adhesive allows the notes to be easily attached, removed and even re-posted elsewhere without leaving residue. It is impossible to not leave a mark, to not somehow impose yourself on a situation or scenario. The impartial observer is a myth. I love films where you see forensics departments at work; able to detect even the smallest trace of a substance left on a floor or other surface despite someones best efforts. The sensation that no act goes unseen. DNA is a biological confetti. I have had to treat STIs with medicine, each an annoying trace of someone else. The psychological marks are of course there to, a turn of phrase adopted, an inclination, mimicry as well as repulsion all fit into this bracket. Needs an ending"
200.jpg,"Titled YOU ARE FIRED! stock photo by Oko_SwanOmurphy this image was uploaded on the 30th January, 2014 to istockphoto.com a stock image website. The image description reads “YOU ARE FIRED note pinned on cork noticeboard, square”. The phrase 'fired out' was previously used to mean someone was expelled from a place, just as a bullet was expelled from a gun. Some historians say this was shortened to 'fire' to specifically mean someone was expelled from employment. Some Anarchist Kurdish groups do not imprison, instead they eject, banish people from their society if found to betray a value or law. Socrates would rather die than be exiled, his identity seemingly so enmeshed in that of Athens he was unable to imagine himself separate. So in his refusal he is able to uphold this definition of himself and die intact. When someone dies it is rarely symbolic gestures which are remembered, instead it is more likely to be a list of useless facts, these becoming major markers of their identity, as in a yellow Suzuki or brand of cigarettes or some other arbitrary fact. Link"
201.jpg,"Titled Isometric businessman hand pushing fired button to layoff his employee stock illustration by Ojogabonitoo available on istockphoto.com uploaded on 19th March, 2017. The description states ‘Isometric businessman hand pushing fired button to layoff his employee, employee job reduction and termination concept’. In this image all workers are seemingly identical white men making the action of firing seem arbitrary, not based on a persons skill level or capacity for the job. Being laid off, getting laid, to lay an egg, as in to reproduce is a recurring theme, desire and repulsion all in one. I am not repulsed by so many things, I am at ease with bodily fluids, with mess or stench, at times I can be repulsed by some people, although I am not proud of the fact. I’m having an argument with someone in a Whatsapp group of friends because he will only speak in what I perceive to be a snarky tone, an ironic mode that is nagging me, and delivering me back to an unhappy childhood. The experience is felt in the pit of my stomach, I want out, I want nothing to do with this. I remove him from group, he returns, agreeing to be less like that. But I’m exhausted, I decide to opt out."
202.jpg,"This image was created on the 20th December 2008 and depicts a trap door leading to a bomb shelter from WW2 in 3 Clifton Rd N22 7XN London. The Blitz was intense bombing campaign undertaken by Nazi Germany against the United Kingdom during World War II September 7th 1940 to May 11th, 1941. New houses in rows of old ones. In the blitz buildings might explode at night, as in a lottery, or some other game of chance. More people died in covid in a few months than the entirety of the blitz. It is the tone of the death that differed, covid’s being muted, soft, prominently the usual suspects, the ones one might expect. Bombs although loud are more democratic. In North Korea it was the young and healthy who died first during the famine, killed by their speedy metabolisms that ate them from the inside. Maybe it is a good thing my metabolism is slowing after all, the curve of a belly can be useful in such crises. LOOP BACK TO TOP -------- . I was first unsure if this was just the normal effects of ecstasy but after a short while it seemed something was wrong. She was rolling on the floor gritting her teeth, occasionally speaking in chinese, her eyes lost a little. I called for help from the others in the house, hestia eased open her mouth to check on her tongue and stop her from breaking her teeth. The ambulance eventually came and she was transported down the stairs strapped into the a chair. halloween - costumes Being mike, hospital Day and a half before she woke up Speaking chinese Abnormal reaction Happy party Neurological reaction There is truth in a saying, judge someone by what they do not what they say, it makes me think of bells hooks definition of love as an action and not some internal fantasy you have about yourself and another person. Perhaps this could be forced into all aspects of yourself, i am what i do and not what i say. The material world offering something to hold your actions against, the problem is that can get cloudy. What is odd most people most the time think they are doing the right thing while often hurting themselves and those around them. I know this is definitely true of my experience, in which i have stayed in relationship because i thought it was the right thing to do, I have continued with a course of action but my stated intensions, my hopes did not match any outcome. Perhaps this is also what good mental health is, a firm bridge between internal thoughts, actions and outcomes. Buenos Aires has the highest rate of psychoanalysis in proportion to their population, in a borgesian novel i can imagine everyone would be someone else's therapist, a virtuous circle of listening and being listened to. I have fractured memories of bonfire night: it is a large fire, maybe three or four meters high, with an an effigy of Guy Fawkes on the top of it. There were also small fires in the backyard. One year, an uncle invited me to light a damaged firework that tipped over and began to shoot at me and the people standing behind me. The same uncle once scared me by pretending to be a police officer on the other end of my walkie talkie – for some reason the prank truly scared me and I never used the walkie talkie again. I was into punk and ska, more for the mosh pits than the music. Once, a friend took waxing strips into the pit and put them on a boy’s eyebrows, leaving him to pull them off. From what I remember, this had been done because the boy had been behaving effeminately, in what they had viewed as a “gay” way towards him. In retrospect, it feels like an act born out of fear that my friend must have had about his own identity. Around this time, I myself remember being attracted to an older boy who was in a band, and feeling a sense of sickening anxiety that I might be gay and therefore rejected by my friends and family. As you can see, there wasn't much space given to gay identity. Something that I have in part changed in the preceding years from talking to my cousins about their experiences. The image of people's bodies reduced to a shadow after the Hiroshima and Nagasaki bombs comes to mind. People who had been going about their average day vaporized, reduced to the silhouette of their last poses. I read a book of personal accounts of Hiroshimia a few years ago. It documents accounts of survivors who found themselves alive after the Hiroshima bomb, and describes in vivid detail the horror. The bomb was so fast it seems unreal, like a teleportation device or a switch that transports you to hellish version of wherever it is you might be. ------- We would have many parties in the studio in Soho. It was a good space to host, being pretty large, with a small outside space and a view over London. Some of the parties got to that place where things got out of control. I remember one such evening when an artist who shall remain nameless began smashing glasses, triggering a train reaction where others joined in while everyone else watched in shock. The party continued, although myself and several of their people tried to eat the hummus, unaware or forgetting it was full of shards of glass. Luckily no one was hurt, and people managed to detect the glass in their mouth before swallowing. https://en.wikipedia.org/wiki/Stargate 1994–2018 mtf.wapster.pl SonyEricsson.gry_java.1873.html - First found on Feb 7, 2008 Filename: Stargate.gif(176 x 200, 150 KB) Here are all the latest updates about the ‘Stargate’ Universe There’s been a resurgence of sci-fi recently. Now, to many, the big franchises remain Star Trek and Star Wars with all the fandom wars to fill which is “better”. To fans, however, of the late 90s to the early 00s, there is one more beloved franchise to add to the mix: Stargate. While the Roland Emmerich 1994 film has probably largely faded from the public’s consciousness, the TV franchise that it inspired with such entries like Stargate: SG1 and Stargate: Atlantis remained utterly beloved by fans. The first instance on record is 19th April 2008 on a French language computer maintenance website, docteurordinateur.com, although the quality of the image clearly points to its original predating this post. The image itself shows a male doctor looking over an X-ray of a chest. Chest X-rays produce images of your heart, lungs, blood vessels, airways, and the bones of your chest and spine. The image helps the doctor determine whether the patient has a heart problem, a collapsed lung, pneumonia, broken ribs, emphysema, cancer or various other other conditions. A friend of the family fell over the banisters in his house while drunk and punctured a lung, and then on arrival to hospital had their lungs drained with a large syringe. He was told later that he would have likely died if he hadn't been drunk at the time of falling, as the alcohol had relaxed his muscles preventing damage. To relax, to let go, to allow the worries of the day melt off your shoulders and you to indulge in a cold ice beer, as if somehow your body has recognised a job well done. My father was conscripted into the argentine army for one year in which there were several military coups. In family systems therapy stopped myself from crying and decided not to speak about that, i’ll do it next time. He has only spoken about it several times, i overly romanticise it when he does. Like in a film people are throwing hand grenades into tanks, they are running back to barracks, its another day now and he is on guard and puts a baronet through someone's clothes pinning them to the wall. He is a teenager, I am eighteen or nineteen years older now than he was then. I am 12 and play army every weekend, my dad and I go to the army surplus store in portsmouth, although saying he hates the army we both get things to dress up in. https://tobaccobusiness.com/canada-announces-new-tobacco-plain-packaging-regulations/ The fight against plain packaging in Canada has come to an end as the Canadian government has announced new regulations for plain packaging and a standardized packaging plan for other tobacco products. This has been an ongoing battle in Canada since last year when Bill S-5, which overhauled Canada’s 1997 Tobacco Act, was first introduced. The photograph used for the Camel design was taken on September 29, 1913, by Andrew Jackson Farrell, a Winston-Salem based photographer. Farrell and Mr. R. C. Haberkern of the Reynolds Tobacco Company went to the Barnum & Bailey Circus to photograph a camel and a dromedary to use in the design for a “brand of Turkish Cigrettes which we [Reynolds Tobacco] are about to put on the market.”[9]""The label's background of temples, minarets, an oasis, and pyramids was much like it is today, but the camel in the foreground was a pathetic, one-humped beast with short, pointed ears, two-pronged hoofs and a drooping neck. Is this a camel? the Reynolds people asked each other. Consulting the ""Encyclopedia Britannica,"" they learned that a one-humped dromedary could indeed be called a camel, although no one was too pleased with the creature's looks. Luckily, Barnum & Bailey came to town. Monday, September 29, 1913, Roy C. Haberkern, Reynolds' young secretary, went to investigate. With a photographer [Andrew Jackson Farrell], he visited the circus menagerie and found not only a dromedary, but a two-humped camel as well. When the animal's boss refused permission to photograph them, Haberkern pointed out that Reynolds had always closed offices and factories for the circus, a practice that could easily be discontinued. The trainer relented, but demanded a written release from the company. Haberkern raced back to the closed office building, climbed through a window, wrote the agreement, and signed Reynolds' name to it. Back at the fairgrounds the circus man conceded and brought out the two animals. The camel posed willingly, but Old Joe, the dromedary, wouldn't hold still. The trainer gave him a slap on the nose. Old Joe raised his tail, threw back his ears and closed his eyes as the shutter snapped. From that photograph an improved label was designed and Old Joe became the most famous dromedary in the world.""[10] I noticed in Toronto they love a pun, many of the shop names seemed premised on them. I am hanging out with Colin who lives there, but I met when he ran away to Los Angeles during a manic episode. I am not drinking, I am driving Colin to a standup comedy night where he proceeds to heckle comedians until he himself is dragged on stage to perform. He is dressed in 80s style gym shorts and a sweatband, he is affecting a camp demina, they are screaming at him, but he is sort of killing it. After the set he is given a free whiskey by the owner of the bar, we go to the back for a cigarette where he vomits. I am on gab.ai a right wing social media platform lightly trolling its members by pretending to be a tech CEO in Silicon Valley who unable to get good old american programmers has to hire people from abroad, I am calling for free American university as a means to remedy the situation. I am oddly getting some support for my leftist policy by people who identify themselves in the right of the republican party. The anonymity of the fake account is causing a sense of removal https://hornystoner.com/products/saucertray?variant=31178051911793 This is a 6"" polyresin ashtray Alien UFO design Built-in cigarette rests available on hornystoner.com retailing at $19.99. The website sells a mixture of cannabis smoking parafenalia and sex toys. The plot of Liquid skey a film Invisible aliens in a tiny flying saucer come to Earth looking for heroin. They land on top of a New York apartment inhabited by a drug dealer and her androgynous, bisexual nymphomaniac lover, who's also a fashion model. The aliens soon find the human pheromones created in the brain during orgasm preferable to heroin, and the model's casual sex partners begin disappearing. This increasingly bizarre scenario's observed by a lonely woman in the building across the street, a German scientist who's following the aliens, and an equally androgynous, drug-addicted male model (both models are played by Anne Carlisle). Liquid sky a film about aliens who come to earth looking for heroin but find the human pheromones created during sex during orgams prefereable. I’ve just had sex with an ex, its like suspended disbelief, we agree that for a few hours the recent past had no occurred, that we are meeting to relieve ourselves of a need, before getting on with our day. Perhaps this is the slow transition i have been looking for, friends and i have their voice in my head now are saying it's just a bad idea. How will you move on, but sometimes things need to be taken to the point of exhaustion before you can admit to yourself that anything has changed. We are breaking up for the third or maybe fourth time, for some reason we decided to do the mushrooms we were meant to do that weekend. We become entangled and then i want to go into myself, turning from her I utter the phrase “what do you need”, I am later told it is said in her fathers voice, she is 12 and wants his support, he is trying to extract himself from her presence. We spend the rest of the trip talking about that moment. After the break up i had to rediscover my friends, i had been living in a bubble and coming out felt a little unreal, its easy to lose touch with people when you live in a bubble, especially when that bubble is in Canada. It seems obvious now but didn't then that its healthy to separate your needs between many people. A swiss army knife model for a relationship is where you look to your partner to play all the roles; to be an emotional support, to be a lover, a close friend, someone to bounce ideas off, and on and on, I have to remind myself swiss army knife bad."
